"cell","composite","data_type","data_version","date_resubmitted","date_submitted","date_unrestricted","dcc_accession","geo_sample_accession","grant","lab","lab_exp_id","md5sum","obj_status","orig_assembly","project","replicate","size","sub_id","submitted_data_version","table_name","treatment","type","view","filename","fname","url"
"A549","wgEncodeUwAffyExonArray","AffyExonArray","ENCODE Jan 2011 Freeze",,#2011-01-11#,#2011-10-10#,"wgEncodeEH000823","GSM651560","Stam","UW",,"f422ac43b37031a46c2acade09860afe",,,"wgEncode",1,"22M",3216,,"wgEncodeUwAffyExonArrayA549SimpleSignalRep1",,"broadPeak","SimpleSignal","wgEncodeUwAffyExonArrayA549SimpleSignalRep1.broadPeak.gz","wgEncodeUwAffyExonArrayA549SimpleSignalRep1.broadPeak","http://hgdownload.cse.ucsc.edu/goldenPath/hg19/encodeDCC/wgEncodeUwAffyExonArray/wgEncodeUwAffyExonArrayA549SimpleSignalRep1.broadPeak.gz"
"A549","wgEncodeUwAffyExonArray","AffyExonArray","ENCODE Jan 2011 Freeze",,#2011-01-11#,#2011-10-10#,"wgEncodeEH000823","GSM651561","Stam","UW",,"7e2b608ccaffdc32d0e9df4654fe9a40",,,"wgEncode",2,"22M",3216,,"wgEncodeUwAffyExonArrayA549SimpleSignalRep2",,"broadPeak","SimpleSignal","wgEncodeUwAffyExonArrayA549SimpleSignalRep2.broadPeak.gz","wgEncodeUwAffyExonArrayA549SimpleSignalRep2.broadPeak","http://hgdownload.cse.ucsc.edu/goldenPath/hg19/encodeDCC/wgEncodeUwAffyExonArray/wgEncodeUwAffyExonArrayA549SimpleSignalRep2.broadPeak.gz"
"AG04449","wgEncodeUwAffyExonArray","AffyExonArray","ENCODE Jan 2011 Freeze",#2010-08-19#,#2010-01-10#,#2010-10-10#,"wgEncodeEH000375","GSM510528","Stam","UW",,"1e97768c2c1d98d1aa6c063093cbbe23",,"hg18","wgEncode",1,"21M",2110,,"wgEncodeUwAffyExonArrayAg04449SimpleSignalRep1",,"broadPeak","SimpleSignal","wgEncodeUwAffyExonArrayAg04449SimpleSignalRep1.broadPeak.gz","wgEncodeUwAffyExonArrayAg04449SimpleSignalRep1.broadPeak","http://hgdownload.cse.ucsc.edu/goldenPath/hg19/encodeDCC/wgEncodeUwAffyExonArray/wgEncodeUwAffyExonArrayAg04449SimpleSignalRep1.broadPeak.gz"
"AG04449","wgEncodeUwAffyExonArray","AffyExonArray","ENCODE Jan 2011 Freeze",#2010-08-19#,#2010-01-10#,#2010-10-10#,"wgEncodeEH000375","GSM510530","Stam","UW",,"53f6be35393403859ed3e6075906f88e",,"hg18","wgEncode",2,"22M",2110,,"wgEncodeUwAffyExonArrayAg04449SimpleSignalRep2",,"broadPeak","SimpleSignal","wgEncodeUwAffyExonArrayAg04449SimpleSignalRep2.broadPeak.gz","wgEncodeUwAffyExonArrayAg04449SimpleSignalRep2.broadPeak","http://hgdownload.cse.ucsc.edu/goldenPath/hg19/encodeDCC/wgEncodeUwAffyExonArray/wgEncodeUwAffyExonArrayAg04449SimpleSignalRep2.broadPeak.gz"
"AG04450","wgEncodeUwAffyExonArray","AffyExonArray","ENCODE Jan 2011 Freeze",#2010-08-19#,#2010-01-10#,#2010-10-10#,"wgEncodeEH000376","GSM510532","Stam","UW",,"9a18896ec8b1b1e6fcbbdb00be691849",,"hg18","wgEncode",1,"22M",2110,,"wgEncodeUwAffyExonArrayAg04450SimpleSignalRep1",,"broadPeak","SimpleSignal","wgEncodeUwAffyExonArrayAg04450SimpleSignalRep1.broadPeak.gz","wgEncodeUwAffyExonArrayAg04450SimpleSignalRep1.broadPeak","http://hgdownload.cse.ucsc.edu/goldenPath/hg19/encodeDCC/wgEncodeUwAffyExonArray/wgEncodeUwAffyExonArrayAg04450SimpleSignalRep1.broadPeak.gz"
"AG04450","wgEncodeUwAffyExonArray","AffyExonArray","ENCODE Jan 2011 Freeze",#2010-08-19#,#2010-01-10#,#2010-10-10#,"wgEncodeEH000376","GSM510534","Stam","UW",,"b9e7d0ef1205142f793bd992d90aef97",,"hg18","wgEncode",2,"22M",2110,,"wgEncodeUwAffyExonArrayAg04450SimpleSignalRep2",,"broadPeak","SimpleSignal","wgEncodeUwAffyExonArrayAg04450SimpleSignalRep2.broadPeak.gz","wgEncodeUwAffyExonArrayAg04450SimpleSignalRep2.broadPeak","http://hgdownload.cse.ucsc.edu/goldenPath/hg19/encodeDCC/wgEncodeUwAffyExonArray/wgEncodeUwAffyExonArrayAg04450SimpleSignalRep2.broadPeak.gz"
"AG09309","wgEncodeUwAffyExonArray","AffyExonArray","ENCODE Jan 2011 Freeze",#2010-08-19#,#2010-01-10#,#2010-10-10#,"wgEncodeEH000377","GSM510522","Stam","UW",,"b02261b8b4e57b60edf54bf6371ed555",,"hg18","wgEncode",1,"21M",2110,,"wgEncodeUwAffyExonArrayAg09309SimpleSignalRep1",,"broadPeak","SimpleSignal","wgEncodeUwAffyExonArrayAg09309SimpleSignalRep1.broadPeak.gz","wgEncodeUwAffyExonArrayAg09309SimpleSignalRep1.broadPeak","http://hgdownload.cse.ucsc.edu/goldenPath/hg19/encodeDCC/wgEncodeUwAffyExonArray/wgEncodeUwAffyExonArrayAg09309SimpleSignalRep1.broadPeak.gz"
"AG09309","wgEncodeUwAffyExonArray","AffyExonArray","ENCODE Jan 2011 Freeze",,#2010-08-19#,#2011-05-19#,"wgEncodeEH000377","GSM510525","Stam","UW",,"9f899b9e692216384064c26801484126",,"hg18","wgEncode",2,"22M",2110,,"wgEncodeUwAffyExonArrayAg09309SimpleSignalRep2",,"broadPeak","SimpleSignal","wgEncodeUwAffyExonArrayAg09309SimpleSignalRep2.broadPeak.gz","wgEncodeUwAffyExonArrayAg09309SimpleSignalRep2.broadPeak","http://hgdownload.cse.ucsc.edu/goldenPath/hg19/encodeDCC/wgEncodeUwAffyExonArray/wgEncodeUwAffyExonArrayAg09309SimpleSignalRep2.broadPeak.gz"
"AG09319","wgEncodeUwAffyExonArray","AffyExonArray","ENCODE Jan 2011 Freeze",#2010-08-19#,#2010-01-10#,#2010-10-10#,"wgEncodeEH000378","GSM510536","Stam","UW",,"26f78b438499e1970fed87cb690f4972",,"hg18","wgEncode",1,"22M",2110,,"wgEncodeUwAffyExonArrayAg09319SimpleSignalRep1",,"broadPeak","SimpleSignal","wgEncodeUwAffyExonArrayAg09319SimpleSignalRep1.broadPeak.gz","wgEncodeUwAffyExonArrayAg09319SimpleSignalRep1.broadPeak","http://hgdownload.cse.ucsc.edu/goldenPath/hg19/encodeDCC/wgEncodeUwAffyExonArray/wgEncodeUwAffyExonArrayAg09319SimpleSignalRep1.broadPeak.gz"
"AG09319","wgEncodeUwAffyExonArray","AffyExonArray","ENCODE Jan 2011 Freeze",#2010-08-19#,#2010-01-10#,#2010-10-10#,"wgEncodeEH000378","GSM510538","Stam","UW",,"d5e12edb70ca453569c98b72b63476c7",,"hg18","wgEncode",2,"22M",2110,,"wgEncodeUwAffyExonArrayAg09319SimpleSignalRep2",,"broadPeak","SimpleSignal","wgEncodeUwAffyExonArrayAg09319SimpleSignalRep2.broadPeak.gz","wgEncodeUwAffyExonArrayAg09319SimpleSignalRep2.broadPeak","http://hgdownload.cse.ucsc.edu/goldenPath/hg19/encodeDCC/wgEncodeUwAffyExonArray/wgEncodeUwAffyExonArrayAg09319SimpleSignalRep2.broadPeak.gz"
"AG10803","wgEncodeUwAffyExonArray","AffyExonArray","ENCODE Jan 2011 Freeze",#2010-08-19#,#2010-01-10#,#2010-10-10#,"wgEncodeEH000379","GSM510520","Stam","UW",,"3f3fc9eda121cd2fa61abeba352e7581",,"hg18","wgEncode",1,"22M",2110,,"wgEncodeUwAffyExonArrayAg10803SimpleSignalRep1",,"broadPeak","SimpleSignal","wgEncodeUwAffyExonArrayAg10803SimpleSignalRep1.broadPeak.gz","wgEncodeUwAffyExonArrayAg10803SimpleSignalRep1.broadPeak","http://hgdownload.cse.ucsc.edu/goldenPath/hg19/encodeDCC/wgEncodeUwAffyExonArray/wgEncodeUwAffyExonArrayAg10803SimpleSignalRep1.broadPeak.gz"
"AG10803","wgEncodeUwAffyExonArray","AffyExonArray","ENCODE Jan 2011 Freeze",#2010-08-19#,#2010-01-10#,#2010-10-10#,"wgEncodeEH000379","GSM510521","Stam","UW",,"436a0c20087f99ea6793b1065b3e2a99",,"hg18","wgEncode",2,"21M",2110,,"wgEncodeUwAffyExonArrayAg10803SimpleSignalRep2",,"broadPeak","SimpleSignal","wgEncodeUwAffyExonArrayAg10803SimpleSignalRep2.broadPeak.gz","wgEncodeUwAffyExonArrayAg10803SimpleSignalRep2.broadPeak","http://hgdownload.cse.ucsc.edu/goldenPath/hg19/encodeDCC/wgEncodeUwAffyExonArray/wgEncodeUwAffyExonArrayAg10803SimpleSignalRep2.broadPeak.gz"
"AoAF","wgEncodeUwAffyExonArray","AffyExonArray","ENCODE Jan 2011 Freeze",,#2010-08-19#,#2011-05-19#,"wgEncodeEH000801","GSM580029","Stam","UW",,"6d31aef3661318faa728ebc91389ee07",,,"wgEncode",1,"21M",2109,,"wgEncodeUwAffyExonArrayAoafSimpleSignalRep1",,"broadPeak","SimpleSignal","wgEncodeUwAffyExonArrayAoafSimpleSignalRep1.broadPeak.gz","wgEncodeUwAffyExonArrayAoafSimpleSignalRep1.broadPeak","http://hgdownload.cse.ucsc.edu/goldenPath/hg19/encodeDCC/wgEncodeUwAffyExonArray/wgEncodeUwAffyExonArrayAoafSimpleSignalRep1.broadPeak.gz"
"AoAF","wgEncodeUwAffyExonArray","AffyExonArray","ENCODE Jan 2011 Freeze",,#2010-08-19#,#2011-05-19#,"wgEncodeEH000801","GSM580030","Stam","UW",,"21045807d35a71a7395ec37581d213e5",,,"wgEncode",2,"22M",2109,,"wgEncodeUwAffyExonArrayAoafSimpleSignalRep2",,"broadPeak","SimpleSignal","wgEncodeUwAffyExonArrayAoafSimpleSignalRep2.broadPeak.gz","wgEncodeUwAffyExonArrayAoafSimpleSignalRep2.broadPeak","http://hgdownload.cse.ucsc.edu/goldenPath/hg19/encodeDCC/wgEncodeUwAffyExonArray/wgEncodeUwAffyExonArrayAoafSimpleSignalRep2.broadPeak.gz"
"BE2_C","wgEncodeUwAffyExonArray","AffyExonArray","ENCODE Jan 2011 Freeze",,#2011-01-11#,#2011-10-10#,"wgEncodeEH000824","GSM651567","Stam","UW",,"ecccaa938905fe348c27dff8e21e2578",,,"wgEncode",1,"21M",3216,,"wgEncodeUwAffyExonArrayBe2cSimpleSignalRep1",,"broadPeak","SimpleSignal","wgEncodeUwAffyExonArrayBe2cSimpleSignalRep1.broadPeak.gz","wgEncodeUwAffyExonArrayBe2cSimpleSignalRep1.broadPeak","http://hgdownload.cse.ucsc.edu/goldenPath/hg19/encodeDCC/wgEncodeUwAffyExonArray/wgEncodeUwAffyExonArrayBe2cSimpleSignalRep1.broadPeak.gz"
"BE2_C","wgEncodeUwAffyExonArray","AffyExonArray","ENCODE Mar 2012 Freeze",,#2011-03-10#,#2011-12-10#,"wgEncodeEH000824","GSM651568","Stam","UW",,"087642d33dd99c11c5e14396b754ac06",,,"wgEncode",2,"22M",3816,"V2 - lab labeling error","wgEncodeUwAffyExonArrayBe2cSimpleSignalRep2",,"broadPeak","SimpleSignal","wgEncodeUwAffyExonArrayBe2cSimpleSignalRep2.broadPeak.gz","wgEncodeUwAffyExonArrayBe2cSimpleSignalRep2.broadPeak","http://hgdownload.cse.ucsc.edu/goldenPath/hg19/encodeDCC/wgEncodeUwAffyExonArray/wgEncodeUwAffyExonArrayBe2cSimpleSignalRep2.broadPeak.gz"
"BJ","wgEncodeUwAffyExonArray","AffyExonArray","ENCODE Jan 2011 Freeze",#2010-08-19#,#2009-09-21#,#2010-06-21#,"wgEncodeEH000365","GSM472924","Stam","UW",,"c848980bd1931e60df3eda7c181ca012",,"hg18","wgEncode",1,"21M",2110,,"wgEncodeUwAffyExonArrayBjSimpleSignalRep1",,"broadPeak","SimpleSignal","wgEncodeUwAffyExonArrayBjSimpleSignalRep1.broadPeak.gz","wgEncodeUwAffyExonArrayBjSimpleSignalRep1.broadPeak","http://hgdownload.cse.ucsc.edu/goldenPath/hg19/encodeDCC/wgEncodeUwAffyExonArray/wgEncodeUwAffyExonArrayBjSimpleSignalRep1.broadPeak.gz"
"BJ","wgEncodeUwAffyExonArray","AffyExonArray","ENCODE Jan 2011 Freeze",#2010-08-19#,#2009-09-21#,#2010-06-21#,"wgEncodeEH000365","GSM472925","Stam","UW",,"b0a0d7d31ae04e50bbdb598f2d2fc6c0",,"hg18","wgEncode",2,"21M",2110,,"wgEncodeUwAffyExonArrayBjSimpleSignalRep2",,"broadPeak","SimpleSignal","wgEncodeUwAffyExonArrayBjSimpleSignalRep2.broadPeak.gz","wgEncodeUwAffyExonArrayBjSimpleSignalRep2.broadPeak","http://hgdownload.cse.ucsc.edu/goldenPath/hg19/encodeDCC/wgEncodeUwAffyExonArray/wgEncodeUwAffyExonArrayBjSimpleSignalRep2.broadPeak.gz"
"Caco-2","wgEncodeUwAffyExonArray","AffyExonArray","ENCODE Jan 2011 Freeze",#2010-08-19#,#2009-07-02#,#2010-04-02#,"wgEncodeEH000359","GSM472900","Stam","UW",,"71566bcbfc5a994698bab7240035839f",,"hg18","wgEncode",1,"22M",2110,,"wgEncodeUwAffyExonArrayCaco2SimpleSignalRep1",,"broadPeak","SimpleSignal","wgEncodeUwAffyExonArrayCaco2SimpleSignalRep1.broadPeak.gz","wgEncodeUwAffyExonArrayCaco2SimpleSignalRep1.broadPeak","http://hgdownload.cse.ucsc.edu/goldenPath/hg19/encodeDCC/wgEncodeUwAffyExonArray/wgEncodeUwAffyExonArrayCaco2SimpleSignalRep1.broadPeak.gz"
"Caco-2","wgEncodeUwAffyExonArray","AffyExonArray","ENCODE Jan 2011 Freeze",#2010-08-19#,#2009-09-21#,#2010-06-21#,"wgEncodeEH000359","GSM472933","Stam","UW",,"9e8fef78a3d5cd1f522e3b27a589d13b",,"hg18","wgEncode",2,"21M",2110,,"wgEncodeUwAffyExonArrayCaco2SimpleSignalRep2",,"broadPeak","SimpleSignal","wgEncodeUwAffyExonArrayCaco2SimpleSignalRep2.broadPeak.gz","wgEncodeUwAffyExonArrayCaco2SimpleSignalRep2.broadPeak","http://hgdownload.cse.ucsc.edu/goldenPath/hg19/encodeDCC/wgEncodeUwAffyExonArray/wgEncodeUwAffyExonArrayCaco2SimpleSignalRep2.broadPeak.gz"
"CMK","wgEncodeUwAffyExonArray","AffyExonArray","ENCODE Jan 2011 Freeze",#2010-08-19#,#2010-01-10#,#2010-10-10#,"wgEncodeEH000380","GSM510583","Stam","UW",,"f74c05f7a1258ab17f97bfbdf1121663",,"hg18","wgEncode",1,"21M",2110,,"wgEncodeUwAffyExonArrayCmkSimpleSignalRep1",,"broadPeak","SimpleSignal","wgEncodeUwAffyExonArrayCmkSimpleSignalRep1.broadPeak.gz","wgEncodeUwAffyExonArrayCmkSimpleSignalRep1.broadPeak","http://hgdownload.cse.ucsc.edu/goldenPath/hg19/encodeDCC/wgEncodeUwAffyExonArray/wgEncodeUwAffyExonArrayCmkSimpleSignalRep1.broadPeak.gz"
"GM06990","wgEncodeUwAffyExonArray","AffyExonArray","ENCODE Jan 2011 Freeze",#2010-08-19#,#2009-07-02#,#2010-04-02#,"wgEncodeEH000360","GSM472903","Stam","UW",,"0f527d08fe85af98acab86e4ea2d05d3",,"hg18","wgEncode",1,"22M",2110,,"wgEncodeUwAffyExonArrayGm06990SimpleSignalRep1",,"broadPeak","SimpleSignal","wgEncodeUwAffyExonArrayGm06990SimpleSignalRep1.broadPeak.gz","wgEncodeUwAffyExonArrayGm06990SimpleSignalRep1.broadPeak","http://hgdownload.cse.ucsc.edu/goldenPath/hg19/encodeDCC/wgEncodeUwAffyExonArray/wgEncodeUwAffyExonArrayGm06990SimpleSignalRep1.broadPeak.gz"
"GM06990","wgEncodeUwAffyExonArray","AffyExonArray","ENCODE Jan 2011 Freeze",#2010-08-19#,#2009-07-02#,#2010-04-02#,"wgEncodeEH000360","GSM472904","Stam","UW",,"c569ff2d2c9b7e07232cda2335c0e71b",,"hg18","wgEncode",2,"22M",2110,,"wgEncodeUwAffyExonArrayGm06990SimpleSignalRep2",,"broadPeak","SimpleSignal","wgEncodeUwAffyExonArrayGm06990SimpleSignalRep2.broadPeak.gz","wgEncodeUwAffyExonArrayGm06990SimpleSignalRep2.broadPeak","http://hgdownload.cse.ucsc.edu/goldenPath/hg19/encodeDCC/wgEncodeUwAffyExonArray/wgEncodeUwAffyExonArrayGm06990SimpleSignalRep2.broadPeak.gz"
"GM12864","wgEncodeUwAffyExonArray","AffyExonArray","ENCODE Mar 2012 Freeze",,#2011-10-24#,#2012-07-24#,"wgEncodeEH002150","GSM824872","Stam","UW","DS12431","1a126534886a4e299b4aacbc1375c7c9",,,"wgEncode",1,"21M",5011,,"wgEncodeUwAffyExonArrayGm12864SimpleSignalRep1",,"broadPeak","SimpleSignal","wgEncodeUwAffyExonArrayGm12864SimpleSignalRep1.broadPeak.gz","wgEncodeUwAffyExonArrayGm12864SimpleSignalRep1.broadPeak","http://hgdownload.cse.ucsc.edu/goldenPath/hg19/encodeDCC/wgEncodeUwAffyExonArray/wgEncodeUwAffyExonArrayGm12864SimpleSignalRep1.broadPeak.gz"
"GM12865","wgEncodeUwAffyExonArray","AffyExonArray","ENCODE Mar 2012 Freeze",,#2011-10-24#,#2012-07-24#,"wgEncodeEH002151","GSM824873","Stam","UW","DS12436","1cba623a796921265a7b264cdd459dde",,,"wgEncode",1,"21M",5011,,"wgEncodeUwAffyExonArrayGm12865SimpleSignalRep1",,"broadPeak","SimpleSignal","wgEncodeUwAffyExonArrayGm12865SimpleSignalRep1.broadPeak.gz","wgEncodeUwAffyExonArrayGm12865SimpleSignalRep1.broadPeak","http://hgdownload.cse.ucsc.edu/goldenPath/hg19/encodeDCC/wgEncodeUwAffyExonArray/wgEncodeUwAffyExonArrayGm12865SimpleSignalRep1.broadPeak.gz"
"GM12865","wgEncodeUwAffyExonArray","AffyExonArray","ENCODE Mar 2012 Freeze",,#2011-10-24#,#2012-07-24#,"wgEncodeEH002151","GSM824874","Stam","UW","DS12442","61aa6f6685513b587fb357066f6850ba",,,"wgEncode",2,"21M",5011,,"wgEncodeUwAffyExonArrayGm12865SimpleSignalRep2",,"broadPeak","SimpleSignal","wgEncodeUwAffyExonArrayGm12865SimpleSignalRep2.broadPeak.gz","wgEncodeUwAffyExonArrayGm12865SimpleSignalRep2.broadPeak","http://hgdownload.cse.ucsc.edu/goldenPath/hg19/encodeDCC/wgEncodeUwAffyExonArray/wgEncodeUwAffyExonArrayGm12865SimpleSignalRep2.broadPeak.gz"
"GM12878","wgEncodeUwAffyExonArray","AffyExonArray","ENCODE Jan 2011 Freeze",#2010-08-19#,#2009-09-21#,#2010-06-21#,"wgEncodeEH000366","GSM472931","Stam","UW",,"f6a2c97c200a4cafe4db7986258f6db5",,"hg18","wgEncode",1,"21M",2110,,"wgEncodeUwAffyExonArrayGm12878SimpleSignalRep1",,"broadPeak","SimpleSignal","wgEncodeUwAffyExonArrayGm12878SimpleSignalRep1.broadPeak.gz","wgEncodeUwAffyExonArrayGm12878SimpleSignalRep1.broadPeak","http://hgdownload.cse.ucsc.edu/goldenPath/hg19/encodeDCC/wgEncodeUwAffyExonArray/wgEncodeUwAffyExonArrayGm12878SimpleSignalRep1.broadPeak.gz"
"H7-hESC","wgEncodeUwAffyExonArray","AffyExonArray","ENCODE Jul 2012 Freeze",,#2012-07-27#,#2013-04-27#,"wgEncodeEH003048","GSM1033351","Stam","UW","DS15446","ee7d0fc50985c45840d9e17ecbdb00a2",,,"wgEncode",1,"22M",7725,,"wgEncodeUwAffyExonArrayH7esDiffa14dSimpleSignalRep1","diffProtA_14d","broadPeak","SimpleSignal","wgEncodeUwAffyExonArrayH7esDiffa14dSimpleSignalRep1.broadPeak.gz","wgEncodeUwAffyExonArrayH7esDiffa14dSimpleSignalRep1.broadPeak","http://hgdownload.cse.ucsc.edu/goldenPath/hg19/encodeDCC/wgEncodeUwAffyExonArray/wgEncodeUwAffyExonArrayH7esDiffa14dSimpleSignalRep1.broadPeak.gz"
"H7-hESC","wgEncodeUwAffyExonArray","AffyExonArray","ENCODE Jul 2012 Freeze",,#2012-07-27#,#2013-04-27#,"wgEncodeEH003048","GSM1033350","Stam","UW","RS16723","3e9281988d84116a5b33892033005df9",,,"wgEncode",2,"22M",7725,,"wgEncodeUwAffyExonArrayH7esDiffa14dSimpleSignalRep2","diffProtA_14d","broadPeak","SimpleSignal","wgEncodeUwAffyExonArrayH7esDiffa14dSimpleSignalRep2.broadPeak.gz","wgEncodeUwAffyExonArrayH7esDiffa14dSimpleSignalRep2.broadPeak","http://hgdownload.cse.ucsc.edu/goldenPath/hg19/encodeDCC/wgEncodeUwAffyExonArray/wgEncodeUwAffyExonArrayH7esDiffa14dSimpleSignalRep2.broadPeak.gz"
"H7-hESC","wgEncodeUwAffyExonArray","AffyExonArray","ENCODE Jul 2012 Freeze",,#2012-07-27#,#2013-04-27#,"wgEncodeEH003049","GSM1033353","Stam","UW","DS15447","b1e178aec173bbdc001a8a9b220b6db9",,,"wgEncode",1,"22M",7725,,"wgEncodeUwAffyExonArrayH7esDiffa2dSimpleSignalRep1","diffProtA_2d","broadPeak","SimpleSignal","wgEncodeUwAffyExonArrayH7esDiffa2dSimpleSignalRep1.broadPeak.gz","wgEncodeUwAffyExonArrayH7esDiffa2dSimpleSignalRep1.broadPeak","http://hgdownload.cse.ucsc.edu/goldenPath/hg19/encodeDCC/wgEncodeUwAffyExonArray/wgEncodeUwAffyExonArrayH7esDiffa2dSimpleSignalRep1.broadPeak.gz"
"H7-hESC","wgEncodeUwAffyExonArray","AffyExonArray","ENCODE Jul 2012 Freeze",,#2012-07-27#,#2013-04-27#,"wgEncodeEH003049","GSM1033352","Stam","UW","RS16720","4027e1874297797eda1348fe846f0a0d",,,"wgEncode",2,"22M",7725,,"wgEncodeUwAffyExonArrayH7esDiffa2dSimpleSignalRep2","diffProtA_2d","broadPeak","SimpleSignal","wgEncodeUwAffyExonArrayH7esDiffa2dSimpleSignalRep2.broadPeak.gz","wgEncodeUwAffyExonArrayH7esDiffa2dSimpleSignalRep2.broadPeak","http://hgdownload.cse.ucsc.edu/goldenPath/hg19/encodeDCC/wgEncodeUwAffyExonArray/wgEncodeUwAffyExonArrayH7esDiffa2dSimpleSignalRep2.broadPeak.gz"
"H7-hESC","wgEncodeUwAffyExonArray","AffyExonArray","ENCODE Jul 2012 Freeze",,#2012-07-27#,#2013-04-27#,"wgEncodeEH003050","GSM1033346","Stam","UW","DS15444","cb63e5b38c21184ced564ec6a71277d5",,,"wgEncode",1,"22M",7725,,"wgEncodeUwAffyExonArrayH7esDiffa5dSimpleSignalRep1","diffProtA_5d","broadPeak","SimpleSignal","wgEncodeUwAffyExonArrayH7esDiffa5dSimpleSignalRep1.broadPeak.gz","wgEncodeUwAffyExonArrayH7esDiffa5dSimpleSignalRep1.broadPeak","http://hgdownload.cse.ucsc.edu/goldenPath/hg19/encodeDCC/wgEncodeUwAffyExonArray/wgEncodeUwAffyExonArrayH7esDiffa5dSimpleSignalRep1.broadPeak.gz"
"H7-hESC","wgEncodeUwAffyExonArray","AffyExonArray","ENCODE Jul 2012 Freeze",,#2012-07-27#,#2013-04-27#,"wgEncodeEH003050","GSM1033347","Stam","UW","RS16721","7bf5674b8e511805059ba305527cec9e",,,"wgEncode",2,"22M",7725,,"wgEncodeUwAffyExonArrayH7esDiffa5dSimpleSignalRep2","diffProtA_5d","broadPeak","SimpleSignal","wgEncodeUwAffyExonArrayH7esDiffa5dSimpleSignalRep2.broadPeak.gz","wgEncodeUwAffyExonArrayH7esDiffa5dSimpleSignalRep2.broadPeak","http://hgdownload.cse.ucsc.edu/goldenPath/hg19/encodeDCC/wgEncodeUwAffyExonArray/wgEncodeUwAffyExonArrayH7esDiffa5dSimpleSignalRep2.broadPeak.gz"
"H7-hESC","wgEncodeUwAffyExonArray","AffyExonArray","ENCODE Jul 2012 Freeze",,#2012-07-27#,#2013-04-27#,"wgEncodeEH003051","GSM1033348","Stam","UW","DS15445","e2d20870ef98ae763b6fb142323dc498",,,"wgEncode",1,"22M",7725,,"wgEncodeUwAffyExonArrayH7esDiffa9dSimpleSignalRep1","diffProtA_9d","broadPeak","SimpleSignal","wgEncodeUwAffyExonArrayH7esDiffa9dSimpleSignalRep1.broadPeak.gz","wgEncodeUwAffyExonArrayH7esDiffa9dSimpleSignalRep1.broadPeak","http://hgdownload.cse.ucsc.edu/goldenPath/hg19/encodeDCC/wgEncodeUwAffyExonArray/wgEncodeUwAffyExonArrayH7esDiffa9dSimpleSignalRep1.broadPeak.gz"
"H7-hESC","wgEncodeUwAffyExonArray","AffyExonArray","ENCODE Jul 2012 Freeze",,#2012-07-27#,#2013-04-27#,"wgEncodeEH003051","GSM1033349","Stam","UW","RS16722","6dbd46e4a44d1650d613b4c61690dbcc",,,"wgEncode",2,"22M",7725,,"wgEncodeUwAffyExonArrayH7esDiffa9dSimpleSignalRep2","diffProtA_9d","broadPeak","SimpleSignal","wgEncodeUwAffyExonArrayH7esDiffa9dSimpleSignalRep2.broadPeak.gz","wgEncodeUwAffyExonArrayH7esDiffa9dSimpleSignalRep2.broadPeak","http://hgdownload.cse.ucsc.edu/goldenPath/hg19/encodeDCC/wgEncodeUwAffyExonArray/wgEncodeUwAffyExonArrayH7esDiffa9dSimpleSignalRep2.broadPeak.gz"
"H7-hESC","wgEncodeUwAffyExonArray","AffyExonArray","ENCODE Jan 2011 Freeze",#2010-08-19#,#2010-01-10#,#2010-10-10#,"wgEncodeEH000381","GSM510581","Stam","UW",,"ab74cf651393272f5a326fb451534baa",,"hg18","wgEncode",1,"21M",2110,,"wgEncodeUwAffyExonArrayH7esSimpleSignalRep1",,"broadPeak","SimpleSignal","wgEncodeUwAffyExonArrayH7esSimpleSignalRep1.broadPeak.gz","wgEncodeUwAffyExonArrayH7esSimpleSignalRep1.broadPeak","http://hgdownload.cse.ucsc.edu/goldenPath/hg19/encodeDCC/wgEncodeUwAffyExonArray/wgEncodeUwAffyExonArrayH7esSimpleSignalRep1.broadPeak.gz"
"H7-hESC","wgEncodeUwAffyExonArray","AffyExonArray","ENCODE Jan 2011 Freeze",,#2010-08-19#,#2011-05-19#,"wgEncodeEH000381","GSM580005","Stam","UW",,"d6d48bffbc7d1128c0638e36c7c129e6",,,"wgEncode",2,"22M",2109,,"wgEncodeUwAffyExonArrayH7esSimpleSignalRep2",,"broadPeak","SimpleSignal","wgEncodeUwAffyExonArrayH7esSimpleSignalRep2.broadPeak.gz","wgEncodeUwAffyExonArrayH7esSimpleSignalRep2.broadPeak","http://hgdownload.cse.ucsc.edu/goldenPath/hg19/encodeDCC/wgEncodeUwAffyExonArray/wgEncodeUwAffyExonArrayH7esSimpleSignalRep2.broadPeak.gz"
"HAc","wgEncodeUwAffyExonArray","AffyExonArray","ENCODE Mar 2012 Freeze",,#2011-03-10#,#2011-12-10#,"wgEncodeEH000831","GSM651569","Stam","UW",,"bdf64ce82b7105e9aa65177c8855b58e",,,"wgEncode",1,"22M",3816,"V2 - lab labeling error","wgEncodeUwAffyExonArrayHacSimpleSignalRep1",,"broadPeak","SimpleSignal","wgEncodeUwAffyExonArrayHacSimpleSignalRep1.broadPeak.gz","wgEncodeUwAffyExonArrayHacSimpleSignalRep1.broadPeak","http://hgdownload.cse.ucsc.edu/goldenPath/hg19/encodeDCC/wgEncodeUwAffyExonArray/wgEncodeUwAffyExonArrayHacSimpleSignalRep1.broadPeak.gz"
"HAc","wgEncodeUwAffyExonArray","AffyExonArray","ENCODE Mar 2012 Freeze",,#2011-03-10#,#2011-12-10#,"wgEncodeEH000831","GSM651570","Stam","UW",,"3eee4fd337b2b46dce420dc92dbb2ab4",,,"wgEncode",2,"22M",3816,"V2 - lab labeling error","wgEncodeUwAffyExonArrayHacSimpleSignalRep2",,"broadPeak","SimpleSignal","wgEncodeUwAffyExonArrayHacSimpleSignalRep2.broadPeak.gz","wgEncodeUwAffyExonArrayHacSimpleSignalRep2.broadPeak","http://hgdownload.cse.ucsc.edu/goldenPath/hg19/encodeDCC/wgEncodeUwAffyExonArray/wgEncodeUwAffyExonArrayHacSimpleSignalRep2.broadPeak.gz"
"HAEpiC","wgEncodeUwAffyExonArray","AffyExonArray","ENCODE Jan 2011 Freeze",#2010-08-19#,#2010-01-10#,#2010-10-10#,"wgEncodeEH000382","GSM510516","Stam","UW",,"a1afdf111aa408123468c36d073cf7d9",,"hg18","wgEncode",1,"22M",2110,,"wgEncodeUwAffyExonArrayHaeSimpleSignalRep1",,"broadPeak","SimpleSignal","wgEncodeUwAffyExonArrayHaeSimpleSignalRep1.broadPeak.gz","wgEncodeUwAffyExonArrayHaeSimpleSignalRep1.broadPeak","http://hgdownload.cse.ucsc.edu/goldenPath/hg19/encodeDCC/wgEncodeUwAffyExonArray/wgEncodeUwAffyExonArrayHaeSimpleSignalRep1.broadPeak.gz"
"HAEpiC","wgEncodeUwAffyExonArray","AffyExonArray","ENCODE Jan 2011 Freeze",#2010-08-19#,#2010-01-10#,#2010-10-10#,"wgEncodeEH000382","GSM510517","Stam","UW",,"37ff606a0e232360d0e0affea9e88b83",,"hg18","wgEncode",2,"22M",2110,,"wgEncodeUwAffyExonArrayHaeSimpleSignalRep2",,"broadPeak","SimpleSignal","wgEncodeUwAffyExonArrayHaeSimpleSignalRep2.broadPeak.gz","wgEncodeUwAffyExonArrayHaeSimpleSignalRep2.broadPeak","http://hgdownload.cse.ucsc.edu/goldenPath/hg19/encodeDCC/wgEncodeUwAffyExonArray/wgEncodeUwAffyExonArrayHaeSimpleSignalRep2.broadPeak.gz"
"HA-h","wgEncodeUwAffyExonArray","AffyExonArray","ENCODE Mar 2012 Freeze",,#2011-10-24#,#2012-07-24#,"wgEncodeEH002152","GSM824862","Stam","UW","RS17565","e6d09e1814f39dba49f50e810c875cf9",,,"wgEncode",1,"22M",5011,,"wgEncodeUwAffyExonArrayHahSimpleSignalRep1",,"broadPeak","SimpleSignal","wgEncodeUwAffyExonArrayHahSimpleSignalRep1.broadPeak.gz","wgEncodeUwAffyExonArrayHahSimpleSignalRep1.broadPeak","http://hgdownload.cse.ucsc.edu/goldenPath/hg19/encodeDCC/wgEncodeUwAffyExonArray/wgEncodeUwAffyExonArrayHahSimpleSignalRep1.broadPeak.gz"
"HA-h","wgEncodeUwAffyExonArray","AffyExonArray","ENCODE Mar 2012 Freeze",,#2011-10-24#,#2012-07-24#,"wgEncodeEH002152","GSM824863","Stam","UW","RS17566","528f18681f7ba2c32e86841f2a05234d",,,"wgEncode",2,"22M",5011,,"wgEncodeUwAffyExonArrayHahSimpleSignalRep2",,"broadPeak","SimpleSignal","wgEncodeUwAffyExonArrayHahSimpleSignalRep2.broadPeak.gz","wgEncodeUwAffyExonArrayHahSimpleSignalRep2.broadPeak","http://hgdownload.cse.ucsc.edu/goldenPath/hg19/encodeDCC/wgEncodeUwAffyExonArray/wgEncodeUwAffyExonArrayHahSimpleSignalRep2.broadPeak.gz"
"HA-sp","wgEncodeUwAffyExonArray","AffyExonArray","ENCODE Jan 2011 Freeze",,#2011-01-11#,#2011-10-10#,"wgEncodeEH000825","GSM651562","Stam","UW",,"35537d7b5e28b8e6fd53bd70cb06f48a",,,"wgEncode",1,"21M",3216,,"wgEncodeUwAffyExonArrayHaspSimpleSignalRep1",,"broadPeak","SimpleSignal","wgEncodeUwAffyExonArrayHaspSimpleSignalRep1.broadPeak.gz","wgEncodeUwAffyExonArrayHaspSimpleSignalRep1.broadPeak","http://hgdownload.cse.ucsc.edu/goldenPath/hg19/encodeDCC/wgEncodeUwAffyExonArray/wgEncodeUwAffyExonArrayHaspSimpleSignalRep1.broadPeak.gz"
"HA-sp","wgEncodeUwAffyExonArray","AffyExonArray","ENCODE Jan 2011 Freeze",,#2011-01-11#,#2011-10-10#,"wgEncodeEH000825","GSM651563","Stam","UW",,"063b1579a9ee1b7bbd8a324eafe844dd",,,"wgEncode",2,"22M",3216,,"wgEncodeUwAffyExonArrayHaspSimpleSignalRep2",,"broadPeak","SimpleSignal","wgEncodeUwAffyExonArrayHaspSimpleSignalRep2.broadPeak.gz","wgEncodeUwAffyExonArrayHaspSimpleSignalRep2.broadPeak","http://hgdownload.cse.ucsc.edu/goldenPath/hg19/encodeDCC/wgEncodeUwAffyExonArray/wgEncodeUwAffyExonArrayHaspSimpleSignalRep2.broadPeak.gz"
"HBMEC","wgEncodeUwAffyExonArray","AffyExonArray","ENCODE Jan 2011 Freeze",,#2010-08-19#,#2011-05-19#,"wgEncodeEH000802","GSM580045","Stam","UW",,"80e715f221c0c4a1e67f709e6d27885b",,,"wgEncode",1,"22M",2109,,"wgEncodeUwAffyExonArrayHbmecSimpleSignalRep1",,"broadPeak","SimpleSignal","wgEncodeUwAffyExonArrayHbmecSimpleSignalRep1.broadPeak.gz","wgEncodeUwAffyExonArrayHbmecSimpleSignalRep1.broadPeak","http://hgdownload.cse.ucsc.edu/goldenPath/hg19/encodeDCC/wgEncodeUwAffyExonArray/wgEncodeUwAffyExonArrayHbmecSimpleSignalRep1.broadPeak.gz"
"HBMEC","wgEncodeUwAffyExonArray","AffyExonArray","ENCODE Jan 2011 Freeze",,#2011-01-11#,#2011-10-10#,"wgEncodeEH000802","GSM651564","Stam","UW",,"a0585e4686e53c2712abd7be69f0efc0",,,"wgEncode",2,"22M",3216,,"wgEncodeUwAffyExonArrayHbmecSimpleSignalRep2",,"broadPeak","SimpleSignal","wgEncodeUwAffyExonArrayHbmecSimpleSignalRep2.broadPeak.gz","wgEncodeUwAffyExonArrayHbmecSimpleSignalRep2.broadPeak","http://hgdownload.cse.ucsc.edu/goldenPath/hg19/encodeDCC/wgEncodeUwAffyExonArray/wgEncodeUwAffyExonArrayHbmecSimpleSignalRep2.broadPeak.gz"
"HBVP","wgEncodeUwAffyExonArray","AffyExonArray","ENCODE Mar 2012 Freeze",,#2011-10-24#,#2012-07-24#,"wgEncodeEH002153","GSM824859","Stam","UW","RS18997","7771acc4c15527ebf16887bbb3378866",,,"wgEncode",1,"22M",5011,,"wgEncodeUwAffyExonArrayHbvpSimpleSignalRep1",,"broadPeak","SimpleSignal","wgEncodeUwAffyExonArrayHbvpSimpleSignalRep1.broadPeak.gz","wgEncodeUwAffyExonArrayHbvpSimpleSignalRep1.broadPeak","http://hgdownload.cse.ucsc.edu/goldenPath/hg19/encodeDCC/wgEncodeUwAffyExonArray/wgEncodeUwAffyExonArrayHbvpSimpleSignalRep1.broadPeak.gz"
"HBVSMC","wgEncodeUwAffyExonArray","AffyExonArray","ENCODE Mar 2012 Freeze",,#2011-10-24#,#2012-07-24#,"wgEncodeEH002154","GSM824849","Stam","UW","RS18998","d1b5cf302faf1a624c15cb7ba4cd033a",,,"wgEncode",1,"21M",5009,,"wgEncodeUwAffyExonArrayHbvsmcSimpleSignalRep1",,"broadPeak","SimpleSignal","wgEncodeUwAffyExonArrayHbvsmcSimpleSignalRep1.broadPeak.gz","wgEncodeUwAffyExonArrayHbvsmcSimpleSignalRep1.broadPeak","http://hgdownload.cse.ucsc.edu/goldenPath/hg19/encodeDCC/wgEncodeUwAffyExonArray/wgEncodeUwAffyExonArrayHbvsmcSimpleSignalRep1.broadPeak.gz"
"HBVSMC","wgEncodeUwAffyExonArray","AffyExonArray","ENCODE Mar 2012 Freeze",,#2011-10-24#,#2012-07-24#,"wgEncodeEH002154","GSM824850","Stam","UW","RS18999","10fe54c0309628c64ecb3ad712bfef13",,,"wgEncode",2,"22M",5011,,"wgEncodeUwAffyExonArrayHbvsmcSimpleSignalRep2",,"broadPeak","SimpleSignal","wgEncodeUwAffyExonArrayHbvsmcSimpleSignalRep2.broadPeak.gz","wgEncodeUwAffyExonArrayHbvsmcSimpleSignalRep2.broadPeak","http://hgdownload.cse.ucsc.edu/goldenPath/hg19/encodeDCC/wgEncodeUwAffyExonArray/wgEncodeUwAffyExonArrayHbvsmcSimpleSignalRep2.broadPeak.gz"
"HCF","wgEncodeUwAffyExonArray","AffyExonArray","ENCODE Jan 2011 Freeze",#2010-08-19#,#2010-01-10#,#2010-10-10#,"wgEncodeEH000383","GSM510542","Stam","UW",,"090fbcbb166d5c7fc9f9654479318120",,"hg18","wgEncode",1,"22M",2110,,"wgEncodeUwAffyExonArrayHcfSimpleSignalRep1",,"broadPeak","SimpleSignal","wgEncodeUwAffyExonArrayHcfSimpleSignalRep1.broadPeak.gz","wgEncodeUwAffyExonArrayHcfSimpleSignalRep1.broadPeak","http://hgdownload.cse.ucsc.edu/goldenPath/hg19/encodeDCC/wgEncodeUwAffyExonArray/wgEncodeUwAffyExonArrayHcfSimpleSignalRep1.broadPeak.gz"
"HCF","wgEncodeUwAffyExonArray","AffyExonArray","ENCODE Jan 2011 Freeze",#2010-08-19#,#2010-01-10#,#2010-10-10#,"wgEncodeEH000383","GSM510545","Stam","UW",,"dc525f294d268d95159a7e15ff332b13",,"hg18","wgEncode",2,"22M",2110,,"wgEncodeUwAffyExonArrayHcfSimpleSignalRep2",,"broadPeak","SimpleSignal","wgEncodeUwAffyExonArrayHcfSimpleSignalRep2.broadPeak.gz","wgEncodeUwAffyExonArrayHcfSimpleSignalRep2.broadPeak","http://hgdownload.cse.ucsc.edu/goldenPath/hg19/encodeDCC/wgEncodeUwAffyExonArray/wgEncodeUwAffyExonArrayHcfSimpleSignalRep2.broadPeak.gz"
"HCFaa","wgEncodeUwAffyExonArray","AffyExonArray","ENCODE Jan 2011 Freeze",,#2010-08-19#,#2011-05-19#,"wgEncodeEH000803","GSM580031","Stam","UW",,"cfa1b290f6f6375eea64799b45211850",,,"wgEncode",1,"22M",2109,,"wgEncodeUwAffyExonArrayHcfaaSimpleSignalRep1",,"broadPeak","SimpleSignal","wgEncodeUwAffyExonArrayHcfaaSimpleSignalRep1.broadPeak.gz","wgEncodeUwAffyExonArrayHcfaaSimpleSignalRep1.broadPeak","http://hgdownload.cse.ucsc.edu/goldenPath/hg19/encodeDCC/wgEncodeUwAffyExonArray/wgEncodeUwAffyExonArrayHcfaaSimpleSignalRep1.broadPeak.gz"
"HCFaa","wgEncodeUwAffyExonArray","AffyExonArray","ENCODE Jan 2011 Freeze",,#2010-08-19#,#2011-05-19#,"wgEncodeEH000803","GSM580032","Stam","UW",,"6f19b53d19b9c39ae3b25c22eeb81740",,,"wgEncode",2,"22M",2109,,"wgEncodeUwAffyExonArrayHcfaaSimpleSignalRep2",,"broadPeak","SimpleSignal","wgEncodeUwAffyExonArrayHcfaaSimpleSignalRep2.broadPeak.gz","wgEncodeUwAffyExonArrayHcfaaSimpleSignalRep2.broadPeak","http://hgdownload.cse.ucsc.edu/goldenPath/hg19/encodeDCC/wgEncodeUwAffyExonArray/wgEncodeUwAffyExonArrayHcfaaSimpleSignalRep2.broadPeak.gz"
"HCM","wgEncodeUwAffyExonArray","AffyExonArray","ENCODE Jan 2011 Freeze",#2010-08-19#,#2010-01-10#,#2010-10-10#,"wgEncodeEH000384","GSM510566","Stam","UW",,"38961d6ae845ea7c9fa002ec67e230b1",,"hg18","wgEncode",1,"22M",2110,,"wgEncodeUwAffyExonArrayHcmSimpleSignalRep1",,"broadPeak","SimpleSignal","wgEncodeUwAffyExonArrayHcmSimpleSignalRep1.broadPeak.gz","wgEncodeUwAffyExonArrayHcmSimpleSignalRep1.broadPeak","http://hgdownload.cse.ucsc.edu/goldenPath/hg19/encodeDCC/wgEncodeUwAffyExonArray/wgEncodeUwAffyExonArrayHcmSimpleSignalRep1.broadPeak.gz"
"HCM","wgEncodeUwAffyExonArray","AffyExonArray","ENCODE Jan 2011 Freeze",#2010-08-19#,#2010-01-10#,#2010-10-10#,"wgEncodeEH000384","GSM510569","Stam","UW",,"824fba35b2c6bebaa64cb8169b986ed9",,"hg18","wgEncode",2,"22M",2110,,"wgEncodeUwAffyExonArrayHcmSimpleSignalRep2",,"broadPeak","SimpleSignal","wgEncodeUwAffyExonArrayHcmSimpleSignalRep2.broadPeak.gz","wgEncodeUwAffyExonArrayHcmSimpleSignalRep2.broadPeak","http://hgdownload.cse.ucsc.edu/goldenPath/hg19/encodeDCC/wgEncodeUwAffyExonArray/wgEncodeUwAffyExonArrayHcmSimpleSignalRep2.broadPeak.gz"
"HConF","wgEncodeUwAffyExonArray","AffyExonArray","ENCODE Jan 2011 Freeze",,#2010-08-19#,#2011-05-19#,"wgEncodeEH000805","GSM580007","Stam","UW",,"3b0f941ffc438f8b2167336dda312de4",,,"wgEncode",1,"22M",2109,,"wgEncodeUwAffyExonArrayHconfSimpleSignalRep1",,"broadPeak","SimpleSignal","wgEncodeUwAffyExonArrayHconfSimpleSignalRep1.broadPeak.gz","wgEncodeUwAffyExonArrayHconfSimpleSignalRep1.broadPeak","http://hgdownload.cse.ucsc.edu/goldenPath/hg19/encodeDCC/wgEncodeUwAffyExonArray/wgEncodeUwAffyExonArrayHconfSimpleSignalRep1.broadPeak.gz"
"HConF","wgEncodeUwAffyExonArray","AffyExonArray","ENCODE Jan 2011 Freeze",,#2010-08-19#,#2011-05-19#,"wgEncodeEH000805","GSM580008","Stam","UW",,"9b2b171c14dc909d9a3dc40208e3a2b4",,,"wgEncode",2,"22M",2109,,"wgEncodeUwAffyExonArrayHconfSimpleSignalRep2",,"broadPeak","SimpleSignal","wgEncodeUwAffyExonArrayHconfSimpleSignalRep2.broadPeak.gz","wgEncodeUwAffyExonArrayHconfSimpleSignalRep2.broadPeak","http://hgdownload.cse.ucsc.edu/goldenPath/hg19/encodeDCC/wgEncodeUwAffyExonArray/wgEncodeUwAffyExonArrayHconfSimpleSignalRep2.broadPeak.gz"
"HCPEpiC","wgEncodeUwAffyExonArray","AffyExonArray","ENCODE Jan 2011 Freeze",#2010-08-19#,#2010-01-10#,#2010-10-10#,"wgEncodeEH000385","GSM510547","Stam","UW",,"9e39e166d0ed530a5eb27367d1bdd074",,"hg18","wgEncode",1,"21M",2110,,"wgEncodeUwAffyExonArrayHcpeSimpleSignalRep1",,"broadPeak","SimpleSignal","wgEncodeUwAffyExonArrayHcpeSimpleSignalRep1.broadPeak.gz","wgEncodeUwAffyExonArrayHcpeSimpleSignalRep1.broadPeak","http://hgdownload.cse.ucsc.edu/goldenPath/hg19/encodeDCC/wgEncodeUwAffyExonArray/wgEncodeUwAffyExonArrayHcpeSimpleSignalRep1.broadPeak.gz"
"HCPEpiC","wgEncodeUwAffyExonArray","AffyExonArray","ENCODE Jan 2011 Freeze",#2010-08-19#,#2010-01-10#,#2010-10-10#,"wgEncodeEH000385","GSM510551","Stam","UW",,"8ce5b2b49790cf403093ad5306bd7671",,"hg18","wgEncode",2,"22M",2110,,"wgEncodeUwAffyExonArrayHcpeSimpleSignalRep2",,"broadPeak","SimpleSignal","wgEncodeUwAffyExonArrayHcpeSimpleSignalRep2.broadPeak.gz","wgEncodeUwAffyExonArrayHcpeSimpleSignalRep2.broadPeak","http://hgdownload.cse.ucsc.edu/goldenPath/hg19/encodeDCC/wgEncodeUwAffyExonArray/wgEncodeUwAffyExonArrayHcpeSimpleSignalRep2.broadPeak.gz"
"HCT-116","wgEncodeUwAffyExonArray","AffyExonArray","ENCODE Jan 2011 Freeze",,#2010-08-19#,#2011-05-19#,"wgEncodeEH000804","GSM580039","Stam","UW",,"a3aa81a3ee179d5f13a8c8d1d9158cc5",,,"wgEncode",1,"21M",2109,,"wgEncodeUwAffyExonArrayHct116SimpleSignalRep1",,"broadPeak","SimpleSignal","wgEncodeUwAffyExonArrayHct116SimpleSignalRep1.broadPeak.gz","wgEncodeUwAffyExonArrayHct116SimpleSignalRep1.broadPeak","http://hgdownload.cse.ucsc.edu/goldenPath/hg19/encodeDCC/wgEncodeUwAffyExonArray/wgEncodeUwAffyExonArrayHct116SimpleSignalRep1.broadPeak.gz"
"HCT-116","wgEncodeUwAffyExonArray","AffyExonArray","ENCODE Jan 2011 Freeze",,#2010-08-19#,#2011-05-19#,"wgEncodeEH000804","GSM580040","Stam","UW",,"63b64086a3772b3f99b53f4dabfdec99",,,"wgEncode",2,"21M",2109,,"wgEncodeUwAffyExonArrayHct116SimpleSignalRep2",,"broadPeak","SimpleSignal","wgEncodeUwAffyExonArrayHct116SimpleSignalRep2.broadPeak.gz","wgEncodeUwAffyExonArrayHct116SimpleSignalRep2.broadPeak","http://hgdownload.cse.ucsc.edu/goldenPath/hg19/encodeDCC/wgEncodeUwAffyExonArray/wgEncodeUwAffyExonArrayHct116SimpleSignalRep2.broadPeak.gz"
"HEEpiC","wgEncodeUwAffyExonArray","AffyExonArray","ENCODE Jan 2011 Freeze",#2010-08-19#,#2010-01-10#,#2010-10-10#,"wgEncodeEH000386","GSM510571","Stam","UW",,"8329c8eb8e686c2b010eb20de6a23db5",,"hg18","wgEncode",1,"22M",2110,,"wgEncodeUwAffyExonArrayHeeSimpleSignalRep1",,"broadPeak","SimpleSignal","wgEncodeUwAffyExonArrayHeeSimpleSignalRep1.broadPeak.gz","wgEncodeUwAffyExonArrayHeeSimpleSignalRep1.broadPeak","http://hgdownload.cse.ucsc.edu/goldenPath/hg19/encodeDCC/wgEncodeUwAffyExonArray/wgEncodeUwAffyExonArrayHeeSimpleSignalRep1.broadPeak.gz"
"HEEpiC","wgEncodeUwAffyExonArray","AffyExonArray","ENCODE Jan 2011 Freeze",#2010-08-19#,#2010-01-10#,#2010-10-10#,"wgEncodeEH000386","GSM510574","Stam","UW",,"002b7e958afc2a261804ef05ecacb0ab",,"hg18","wgEncode",2,"22M",2110,,"wgEncodeUwAffyExonArrayHeeSimpleSignalRep2",,"broadPeak","SimpleSignal","wgEncodeUwAffyExonArrayHeeSimpleSignalRep2.broadPeak.gz","wgEncodeUwAffyExonArrayHeeSimpleSignalRep2.broadPeak","http://hgdownload.cse.ucsc.edu/goldenPath/hg19/encodeDCC/wgEncodeUwAffyExonArray/wgEncodeUwAffyExonArrayHeeSimpleSignalRep2.broadPeak.gz"
"HEK293","wgEncodeUwAffyExonArray","AffyExonArray","ENCODE Jan 2011 Freeze",,#2010-08-19#,#2011-05-19#,"wgEncodeEH000806","GSM580027","Stam","UW",,"7449cb9a95da92a47efa5928190ebfe5",,,"wgEncode",1,"22M",2109,,"wgEncodeUwAffyExonArrayHek293SimpleSignalRep1",,"broadPeak","SimpleSignal","wgEncodeUwAffyExonArrayHek293SimpleSignalRep1.broadPeak.gz","wgEncodeUwAffyExonArrayHek293SimpleSignalRep1.broadPeak","http://hgdownload.cse.ucsc.edu/goldenPath/hg19/encodeDCC/wgEncodeUwAffyExonArray/wgEncodeUwAffyExonArrayHek293SimpleSignalRep1.broadPeak.gz"
"HEK293","wgEncodeUwAffyExonArray","AffyExonArray","ENCODE Jan 2011 Freeze",,#2010-08-19#,#2011-05-19#,"wgEncodeEH000806","GSM580028","Stam","UW",,"9104b2ca3d4331488af92090990d3970",,,"wgEncode",2,"22M",2109,,"wgEncodeUwAffyExonArrayHek293SimpleSignalRep2",,"broadPeak","SimpleSignal","wgEncodeUwAffyExonArrayHek293SimpleSignalRep2.broadPeak.gz","wgEncodeUwAffyExonArrayHek293SimpleSignalRep2.broadPeak","http://hgdownload.cse.ucsc.edu/goldenPath/hg19/encodeDCC/wgEncodeUwAffyExonArray/wgEncodeUwAffyExonArrayHek293SimpleSignalRep2.broadPeak.gz"
"HeLa-S3","wgEncodeUwAffyExonArray","AffyExonArray","ENCODE Jan 2011 Freeze",#2010-08-19#,#2009-07-02#,#2010-04-02#,"wgEncodeEH000357","GSM472916","Stam","UW",,"8f78564ee13cac5b9a342886df43cc29",,"hg18","wgEncode",1,"22M",2110,,"wgEncodeUwAffyExonArrayHelas3SimpleSignalRep1",,"broadPeak","SimpleSignal","wgEncodeUwAffyExonArrayHelas3SimpleSignalRep1.broadPeak.gz","wgEncodeUwAffyExonArrayHelas3SimpleSignalRep1.broadPeak","http://hgdownload.cse.ucsc.edu/goldenPath/hg19/encodeDCC/wgEncodeUwAffyExonArray/wgEncodeUwAffyExonArrayHelas3SimpleSignalRep1.broadPeak.gz"
"HeLa-S3","wgEncodeUwAffyExonArray","AffyExonArray","ENCODE Jan 2011 Freeze",#2010-08-19#,#2009-06-29#,#2010-03-29#,"wgEncodeEH000357","GSM472932","Stam","UW",,"077e602d860e397b3dbfaed1c2a7af02",,"hg18","wgEncode",2,"21M",2110,,"wgEncodeUwAffyExonArrayHelas3SimpleSignalRep2",,"broadPeak","SimpleSignal","wgEncodeUwAffyExonArrayHelas3SimpleSignalRep2.broadPeak.gz","wgEncodeUwAffyExonArrayHelas3SimpleSignalRep2.broadPeak","http://hgdownload.cse.ucsc.edu/goldenPath/hg19/encodeDCC/wgEncodeUwAffyExonArray/wgEncodeUwAffyExonArrayHelas3SimpleSignalRep2.broadPeak.gz"
"HepG2","wgEncodeUwAffyExonArray","AffyExonArray","ENCODE Jan 2011 Freeze",#2010-08-19#,#2009-07-02#,#2010-04-02#,"wgEncodeEH000361","GSM472906","Stam","UW",,"fd936dd132c7139eb7a9575904dfb4b3",,"hg18","wgEncode",1,"21M",2110,,"wgEncodeUwAffyExonArrayHepg2SimpleSignalRep1",,"broadPeak","SimpleSignal","wgEncodeUwAffyExonArrayHepg2SimpleSignalRep1.broadPeak.gz","wgEncodeUwAffyExonArrayHepg2SimpleSignalRep1.broadPeak","http://hgdownload.cse.ucsc.edu/goldenPath/hg19/encodeDCC/wgEncodeUwAffyExonArray/wgEncodeUwAffyExonArrayHepg2SimpleSignalRep1.broadPeak.gz"
"HepG2","wgEncodeUwAffyExonArray","AffyExonArray","ENCODE Jan 2011 Freeze",#2010-08-19#,#2009-07-02#,#2010-04-02#,"wgEncodeEH000361","GSM472907","Stam","UW",,"9837ed5823a6a51deff80bc9e5364ec6",,"hg18","wgEncode",2,"22M",2110,,"wgEncodeUwAffyExonArrayHepg2SimpleSignalRep2",,"broadPeak","SimpleSignal","wgEncodeUwAffyExonArrayHepg2SimpleSignalRep2.broadPeak.gz","wgEncodeUwAffyExonArrayHepg2SimpleSignalRep2.broadPeak","http://hgdownload.cse.ucsc.edu/goldenPath/hg19/encodeDCC/wgEncodeUwAffyExonArray/wgEncodeUwAffyExonArrayHepg2SimpleSignalRep2.broadPeak.gz"
"HFF","wgEncodeUwAffyExonArray","AffyExonArray","ENCODE Mar 2012 Freeze",,#2011-10-24#,#2012-07-24#,"wgEncodeEH002155","GSM824864","Stam","UW","RS17567","7d3ba42a57e6f998b0e46c925b5331eb",,,"wgEncode",1,"22M",5011,,"wgEncodeUwAffyExonArrayHffSimpleSignalRep1",,"broadPeak","SimpleSignal","wgEncodeUwAffyExonArrayHffSimpleSignalRep1.broadPeak.gz","wgEncodeUwAffyExonArrayHffSimpleSignalRep1.broadPeak","http://hgdownload.cse.ucsc.edu/goldenPath/hg19/encodeDCC/wgEncodeUwAffyExonArray/wgEncodeUwAffyExonArrayHffSimpleSignalRep1.broadPeak.gz"
"HFF","wgEncodeUwAffyExonArray","AffyExonArray","ENCODE Mar 2012 Freeze",,#2011-10-24#,#2012-07-24#,"wgEncodeEH002155","GSM824865","Stam","UW","RS17568","b6367088c953dca00d42899688811c55",,,"wgEncode",2,"22M",5011,,"wgEncodeUwAffyExonArrayHffSimpleSignalRep2",,"broadPeak","SimpleSignal","wgEncodeUwAffyExonArrayHffSimpleSignalRep2.broadPeak.gz","wgEncodeUwAffyExonArrayHffSimpleSignalRep2.broadPeak","http://hgdownload.cse.ucsc.edu/goldenPath/hg19/encodeDCC/wgEncodeUwAffyExonArray/wgEncodeUwAffyExonArrayHffSimpleSignalRep2.broadPeak.gz"
"HFF-Myc","wgEncodeUwAffyExonArray","AffyExonArray","ENCODE Mar 2012 Freeze",,#2011-10-24#,#2012-07-24#,"wgEncodeEH002156","GSM824866","Stam","UW","RS17569","6f5f187d37cb7e5bdba645075b1ec548",,,"wgEncode",1,"22M",5011,,"wgEncodeUwAffyExonArrayHffmycSimpleSignalRep1",,"broadPeak","SimpleSignal","wgEncodeUwAffyExonArrayHffmycSimpleSignalRep1.broadPeak.gz","wgEncodeUwAffyExonArrayHffmycSimpleSignalRep1.broadPeak","http://hgdownload.cse.ucsc.edu/goldenPath/hg19/encodeDCC/wgEncodeUwAffyExonArray/wgEncodeUwAffyExonArrayHffmycSimpleSignalRep1.broadPeak.gz"
"HFF-Myc","wgEncodeUwAffyExonArray","AffyExonArray","ENCODE Mar 2012 Freeze",,#2011-10-24#,#2012-07-24#,"wgEncodeEH002156","GSM824867","Stam","UW","RS17570","606a8575029b2cb40d4680f0af5ffaaf",,,"wgEncode",2,"22M",5011,,"wgEncodeUwAffyExonArrayHffmycSimpleSignalRep2",,"broadPeak","SimpleSignal","wgEncodeUwAffyExonArrayHffmycSimpleSignalRep2.broadPeak.gz","wgEncodeUwAffyExonArrayHffmycSimpleSignalRep2.broadPeak","http://hgdownload.cse.ucsc.edu/goldenPath/hg19/encodeDCC/wgEncodeUwAffyExonArray/wgEncodeUwAffyExonArrayHffmycSimpleSignalRep2.broadPeak.gz"
"HGF","wgEncodeUwAffyExonArray","AffyExonArray","ENCODE Jan 2011 Freeze",,#2010-08-19#,#2011-05-19#,"wgEncodeEH000807","GSM472940","Stam","UW",,"dbcab31cebf86a51335972f372a1cdc7",,"hg18","wgEncode",1,"21M",2110,,"wgEncodeUwAffyExonArrayHgfSimpleSignalRep1",,"broadPeak","SimpleSignal","wgEncodeUwAffyExonArrayHgfSimpleSignalRep1.broadPeak.gz","wgEncodeUwAffyExonArrayHgfSimpleSignalRep1.broadPeak","http://hgdownload.cse.ucsc.edu/goldenPath/hg19/encodeDCC/wgEncodeUwAffyExonArray/wgEncodeUwAffyExonArrayHgfSimpleSignalRep1.broadPeak.gz"
"HGF","wgEncodeUwAffyExonArray","AffyExonArray","ENCODE Jan 2011 Freeze",,#2010-08-19#,#2011-05-19#,"wgEncodeEH000807","GSM472941","Stam","UW",,"fde5c36e8fc342d0bc949a23093edfda",,"hg18","wgEncode",2,"22M",2110,,"wgEncodeUwAffyExonArrayHgfSimpleSignalRep2",,"broadPeak","SimpleSignal","wgEncodeUwAffyExonArrayHgfSimpleSignalRep2.broadPeak.gz","wgEncodeUwAffyExonArrayHgfSimpleSignalRep2.broadPeak","http://hgdownload.cse.ucsc.edu/goldenPath/hg19/encodeDCC/wgEncodeUwAffyExonArray/wgEncodeUwAffyExonArrayHgfSimpleSignalRep2.broadPeak.gz"
"HIPEpiC","wgEncodeUwAffyExonArray","AffyExonArray","ENCODE Jan 2011 Freeze",#2010-08-19#,#2010-01-10#,#2010-10-10#,"wgEncodeEH000387","GSM510518","Stam","UW",,"c6ef8bd704c692bbb8b800a6ad52ff07",,"hg18","wgEncode",1,"21M",2110,,"wgEncodeUwAffyExonArrayHipeSimpleSignalRep1",,"broadPeak","SimpleSignal","wgEncodeUwAffyExonArrayHipeSimpleSignalRep1.broadPeak.gz","wgEncodeUwAffyExonArrayHipeSimpleSignalRep1.broadPeak","http://hgdownload.cse.ucsc.edu/goldenPath/hg19/encodeDCC/wgEncodeUwAffyExonArray/wgEncodeUwAffyExonArrayHipeSimpleSignalRep1.broadPeak.gz"
"HIPEpiC","wgEncodeUwAffyExonArray","AffyExonArray","ENCODE Jan 2011 Freeze",#2010-08-19#,#2010-01-10#,#2010-10-10#,"wgEncodeEH000387","GSM510519","Stam","UW",,"0ce7738fa75cd16f35aef1318d2d9dd7",,"hg18","wgEncode",2,"21M",2110,,"wgEncodeUwAffyExonArrayHipeSimpleSignalRep2",,"broadPeak","SimpleSignal","wgEncodeUwAffyExonArrayHipeSimpleSignalRep2.broadPeak.gz","wgEncodeUwAffyExonArrayHipeSimpleSignalRep2.broadPeak","http://hgdownload.cse.ucsc.edu/goldenPath/hg19/encodeDCC/wgEncodeUwAffyExonArray/wgEncodeUwAffyExonArrayHipeSimpleSignalRep2.broadPeak.gz"
"HL-60","wgEncodeUwAffyExonArray","AffyExonArray","ENCODE Jan 2011 Freeze",,#2010-08-19#,#2011-05-19#,"wgEncodeEH000808","GSM472908","Stam","UW",,"e762c9610d9ac9ae5fdd54a16b54a860",,"hg18","wgEncode",1,"21M",2110,,"wgEncodeUwAffyExonArrayHl60SimpleSignalRep1",,"broadPeak","SimpleSignal","wgEncodeUwAffyExonArrayHl60SimpleSignalRep1.broadPeak.gz","wgEncodeUwAffyExonArrayHl60SimpleSignalRep1.broadPeak","http://hgdownload.cse.ucsc.edu/goldenPath/hg19/encodeDCC/wgEncodeUwAffyExonArray/wgEncodeUwAffyExonArrayHl60SimpleSignalRep1.broadPeak.gz"
"HL-60","wgEncodeUwAffyExonArray","AffyExonArray","ENCODE Jan 2011 Freeze",,#2010-08-19#,#2011-05-19#,"wgEncodeEH000808","GSM472942","Stam","UW",,"3b823d22877a6f0ff9ca9a17cda81c8e",,"hg18","wgEncode",2,"21M",2110,,"wgEncodeUwAffyExonArrayHl60SimpleSignalRep2",,"broadPeak","SimpleSignal","wgEncodeUwAffyExonArrayHl60SimpleSignalRep2.broadPeak.gz","wgEncodeUwAffyExonArrayHl60SimpleSignalRep2.broadPeak","http://hgdownload.cse.ucsc.edu/goldenPath/hg19/encodeDCC/wgEncodeUwAffyExonArray/wgEncodeUwAffyExonArrayHl60SimpleSignalRep2.broadPeak.gz"
"HMEC","wgEncodeUwAffyExonArray","AffyExonArray","ENCODE Jan 2011 Freeze",#2010-08-19#,#2009-09-21#,#2010-06-21#,"wgEncodeEH000367","GSM472934","Stam","UW",,"790f3e07e1c037482bee71a4d1f98f14",,"hg18","wgEncode",1,"21M",2110,,"wgEncodeUwAffyExonArrayHmecSimpleSignalRep1",,"broadPeak","SimpleSignal","wgEncodeUwAffyExonArrayHmecSimpleSignalRep1.broadPeak.gz","wgEncodeUwAffyExonArrayHmecSimpleSignalRep1.broadPeak","http://hgdownload.cse.ucsc.edu/goldenPath/hg19/encodeDCC/wgEncodeUwAffyExonArray/wgEncodeUwAffyExonArrayHmecSimpleSignalRep1.broadPeak.gz"
"HMEC","wgEncodeUwAffyExonArray","AffyExonArray","ENCODE Jan 2011 Freeze",,#2010-08-19#,#2011-05-19#,"wgEncodeEH000367","GSM580006","Stam","UW",,"423eff1cad1e85e47eb8b33ff7dd1420",,,"wgEncode",2,"21M",2109,,"wgEncodeUwAffyExonArrayHmecSimpleSignalRep2",,"broadPeak","SimpleSignal","wgEncodeUwAffyExonArrayHmecSimpleSignalRep2.broadPeak.gz","wgEncodeUwAffyExonArrayHmecSimpleSignalRep2.broadPeak","http://hgdownload.cse.ucsc.edu/goldenPath/hg19/encodeDCC/wgEncodeUwAffyExonArray/wgEncodeUwAffyExonArrayHmecSimpleSignalRep2.broadPeak.gz"
"HMF","wgEncodeUwAffyExonArray","AffyExonArray","ENCODE Jan 2011 Freeze",,#2010-08-19#,#2011-05-19#,"wgEncodeEH000809","GSM580041","Stam","UW",,"d9b73a5254e8fccb03b862be4d679f32",,,"wgEncode",1,"22M",2109,,"wgEncodeUwAffyExonArrayHmfSimpleSignalRep1",,"broadPeak","SimpleSignal","wgEncodeUwAffyExonArrayHmfSimpleSignalRep1.broadPeak.gz","wgEncodeUwAffyExonArrayHmfSimpleSignalRep1.broadPeak","http://hgdownload.cse.ucsc.edu/goldenPath/hg19/encodeDCC/wgEncodeUwAffyExonArray/wgEncodeUwAffyExonArrayHmfSimpleSignalRep1.broadPeak.gz"
"HMF","wgEncodeUwAffyExonArray","AffyExonArray","ENCODE Jan 2011 Freeze",,#2010-08-19#,#2011-05-19#,"wgEncodeEH000809","GSM580042","Stam","UW",,"6ea599fa15b7b128d8cb9d423988ac02",,,"wgEncode",2,"22M",2109,,"wgEncodeUwAffyExonArrayHmfSimpleSignalRep2",,"broadPeak","SimpleSignal","wgEncodeUwAffyExonArrayHmfSimpleSignalRep2.broadPeak.gz","wgEncodeUwAffyExonArrayHmfSimpleSignalRep2.broadPeak","http://hgdownload.cse.ucsc.edu/goldenPath/hg19/encodeDCC/wgEncodeUwAffyExonArray/wgEncodeUwAffyExonArrayHmfSimpleSignalRep2.broadPeak.gz"
"HMVEC-dAd","wgEncodeUwAffyExonArray","AffyExonArray","ENCODE Mar 2012 Freeze",,#2011-10-24#,#2012-07-24#,"wgEncodeEH002157","GSM824851","Stam","UW","RS19000","2f923e31278527ac6f7900cf922a9d1b",,,"wgEncode",1,"22M",5011,,"wgEncodeUwAffyExonArrayHmvecdadSimpleSignalRep1",,"broadPeak","SimpleSignal","wgEncodeUwAffyExonArrayHmvecdadSimpleSignalRep1.broadPeak.gz","wgEncodeUwAffyExonArrayHmvecdadSimpleSignalRep1.broadPeak","http://hgdownload.cse.ucsc.edu/goldenPath/hg19/encodeDCC/wgEncodeUwAffyExonArray/wgEncodeUwAffyExonArrayHmvecdadSimpleSignalRep1.broadPeak.gz"
"HMVEC-dAd","wgEncodeUwAffyExonArray","AffyExonArray","ENCODE Mar 2012 Freeze",,#2011-10-24#,#2012-07-24#,"wgEncodeEH002157","GSM824852","Stam","UW","RS19001","8a7737e25cbbf4fbeb5169b198b8185a",,,"wgEncode",2,"22M",5011,,"wgEncodeUwAffyExonArrayHmvecdadSimpleSignalRep2",,"broadPeak","SimpleSignal","wgEncodeUwAffyExonArrayHmvecdadSimpleSignalRep2.broadPeak.gz","wgEncodeUwAffyExonArrayHmvecdadSimpleSignalRep2.broadPeak","http://hgdownload.cse.ucsc.edu/goldenPath/hg19/encodeDCC/wgEncodeUwAffyExonArray/wgEncodeUwAffyExonArrayHmvecdadSimpleSignalRep2.broadPeak.gz"
"HMVEC-dBl-Ad","wgEncodeUwAffyExonArray","AffyExonArray","ENCODE Jan 2011 Freeze",,#2010-08-19#,#2011-05-19#,"wgEncodeEH000812","GSM580021","Stam","UW",,"8b05c1426cfdc1e36b9304ac1b29313d",,,"wgEncode",1,"22M",2109,,"wgEncodeUwAffyExonArrayHmvecdbladSimpleSignalRep1",,"broadPeak","SimpleSignal","wgEncodeUwAffyExonArrayHmvecdbladSimpleSignalRep1.broadPeak.gz","wgEncodeUwAffyExonArrayHmvecdbladSimpleSignalRep1.broadPeak","http://hgdownload.cse.ucsc.edu/goldenPath/hg19/encodeDCC/wgEncodeUwAffyExonArray/wgEncodeUwAffyExonArrayHmvecdbladSimpleSignalRep1.broadPeak.gz"
"HMVEC-dBl-Ad","wgEncodeUwAffyExonArray","AffyExonArray","ENCODE Jan 2011 Freeze",,#2010-08-19#,#2011-05-19#,"wgEncodeEH000812","GSM580022","Stam","UW",,"679d99001c42ff2ff7b7c50f39e2881d",,,"wgEncode",2,"21M",2109,,"wgEncodeUwAffyExonArrayHmvecdbladSimpleSignalRep2",,"broadPeak","SimpleSignal","wgEncodeUwAffyExonArrayHmvecdbladSimpleSignalRep2.broadPeak.gz","wgEncodeUwAffyExonArrayHmvecdbladSimpleSignalRep2.broadPeak","http://hgdownload.cse.ucsc.edu/goldenPath/hg19/encodeDCC/wgEncodeUwAffyExonArray/wgEncodeUwAffyExonArrayHmvecdbladSimpleSignalRep2.broadPeak.gz"
"HMVEC-dBl-Neo","wgEncodeUwAffyExonArray","AffyExonArray","ENCODE Jan 2011 Freeze",,#2010-08-19#,#2011-05-19#,"wgEncodeEH000813","GSM580023","Stam","UW",,"47bd884b457f28472d2d2aa210f5d7b8",,,"wgEncode",1,"22M",2109,,"wgEncodeUwAffyExonArrayHmvecdblneoSimpleSignalRep1",,"broadPeak","SimpleSignal","wgEncodeUwAffyExonArrayHmvecdblneoSimpleSignalRep1.broadPeak.gz","wgEncodeUwAffyExonArrayHmvecdblneoSimpleSignalRep1.broadPeak","http://hgdownload.cse.ucsc.edu/goldenPath/hg19/encodeDCC/wgEncodeUwAffyExonArray/wgEncodeUwAffyExonArrayHmvecdblneoSimpleSignalRep1.broadPeak.gz"
"HMVEC-dBl-Neo","wgEncodeUwAffyExonArray","AffyExonArray","ENCODE Jan 2011 Freeze",,#2010-08-19#,#2011-05-19#,"wgEncodeEH000813","GSM580024","Stam","UW",,"52e31f6f67410853b223419a7e782cd2",,,"wgEncode",2,"22M",2109,,"wgEncodeUwAffyExonArrayHmvecdblneoSimpleSignalRep2",,"broadPeak","SimpleSignal","wgEncodeUwAffyExonArrayHmvecdblneoSimpleSignalRep2.broadPeak.gz","wgEncodeUwAffyExonArrayHmvecdblneoSimpleSignalRep2.broadPeak","http://hgdownload.cse.ucsc.edu/goldenPath/hg19/encodeDCC/wgEncodeUwAffyExonArray/wgEncodeUwAffyExonArrayHmvecdblneoSimpleSignalRep2.broadPeak.gz"
"HMVEC-dLy-Ad","wgEncodeUwAffyExonArray","AffyExonArray","ENCODE Jan 2011 Freeze",,#2010-08-19#,#2011-05-19#,"wgEncodeEH000814","GSM580014","Stam","UW",,"3e15efa88c558d1d2c49086ea01fe394",,,"wgEncode",1,"21M",2109,,"wgEncodeUwAffyExonArrayHmvecdlyadSimpleSignalRep1",,"broadPeak","SimpleSignal","wgEncodeUwAffyExonArrayHmvecdlyadSimpleSignalRep1.broadPeak.gz","wgEncodeUwAffyExonArrayHmvecdlyadSimpleSignalRep1.broadPeak","http://hgdownload.cse.ucsc.edu/goldenPath/hg19/encodeDCC/wgEncodeUwAffyExonArray/wgEncodeUwAffyExonArrayHmvecdlyadSimpleSignalRep1.broadPeak.gz"
"HMVEC-dLy-Ad","wgEncodeUwAffyExonArray","AffyExonArray","ENCODE Jan 2011 Freeze",,#2010-08-19#,#2011-05-19#,"wgEncodeEH000814","GSM580013","Stam","UW",,"ee2f0ee61e9c8945f81c49881e9fde5d",,,"wgEncode",2,"22M",2109,,"wgEncodeUwAffyExonArrayHmvecdlyadSimpleSignalRep2",,"broadPeak","SimpleSignal","wgEncodeUwAffyExonArrayHmvecdlyadSimpleSignalRep2.broadPeak.gz","wgEncodeUwAffyExonArrayHmvecdlyadSimpleSignalRep2.broadPeak","http://hgdownload.cse.ucsc.edu/goldenPath/hg19/encodeDCC/wgEncodeUwAffyExonArray/wgEncodeUwAffyExonArrayHmvecdlyadSimpleSignalRep2.broadPeak.gz"
"HMVEC-dLy-Neo","wgEncodeUwAffyExonArray","AffyExonArray","ENCODE Jan 2011 Freeze",,#2010-08-19#,#2011-05-19#,"wgEncodeEH000815","GSM580011","Stam","UW",,"ca5d2996a8df43c22b0bbd1b193f58ad",,,"wgEncode",1,"22M",2109,,"wgEncodeUwAffyExonArrayHmvecdlyneoSimpleSignalRep1",,"broadPeak","SimpleSignal","wgEncodeUwAffyExonArrayHmvecdlyneoSimpleSignalRep1.broadPeak.gz","wgEncodeUwAffyExonArrayHmvecdlyneoSimpleSignalRep1.broadPeak","http://hgdownload.cse.ucsc.edu/goldenPath/hg19/encodeDCC/wgEncodeUwAffyExonArray/wgEncodeUwAffyExonArrayHmvecdlyneoSimpleSignalRep1.broadPeak.gz"
"HMVEC-dLy-Neo","wgEncodeUwAffyExonArray","AffyExonArray","ENCODE Jan 2011 Freeze",,#2010-08-19#,#2011-05-19#,"wgEncodeEH000815","GSM580012","Stam","UW",,"f6fec0e9884a78eae792f3794cbbe72e",,,"wgEncode",2,"22M",2109,,"wgEncodeUwAffyExonArrayHmvecdlyneoSimpleSignalRep2",,"broadPeak","SimpleSignal","wgEncodeUwAffyExonArrayHmvecdlyneoSimpleSignalRep2.broadPeak.gz","wgEncodeUwAffyExonArrayHmvecdlyneoSimpleSignalRep2.broadPeak","http://hgdownload.cse.ucsc.edu/goldenPath/hg19/encodeDCC/wgEncodeUwAffyExonArray/wgEncodeUwAffyExonArrayHmvecdlyneoSimpleSignalRep2.broadPeak.gz"
"HMVEC-dNeo","wgEncodeUwAffyExonArray","AffyExonArray","ENCODE Jan 2011 Freeze",,#2010-08-19#,#2011-05-19#,"wgEncodeEH000816","GSM580015","Stam","UW",,"239ecfc586be65d97d104b5a70c39be8",,,"wgEncode",1,"22M",2109,,"wgEncodeUwAffyExonArrayHmvecdneoSimpleSignalRep1",,"broadPeak","SimpleSignal","wgEncodeUwAffyExonArrayHmvecdneoSimpleSignalRep1.broadPeak.gz","wgEncodeUwAffyExonArrayHmvecdneoSimpleSignalRep1.broadPeak","http://hgdownload.cse.ucsc.edu/goldenPath/hg19/encodeDCC/wgEncodeUwAffyExonArray/wgEncodeUwAffyExonArrayHmvecdneoSimpleSignalRep1.broadPeak.gz"
"HMVEC-dNeo","wgEncodeUwAffyExonArray","AffyExonArray","ENCODE Jan 2011 Freeze",,#2010-08-19#,#2011-05-19#,"wgEncodeEH000816","GSM580016","Stam","UW",,"70bc72d16f7883fe2e86a62f341d0a82",,,"wgEncode",2,"22M",2109,,"wgEncodeUwAffyExonArrayHmvecdneoSimpleSignalRep2",,"broadPeak","SimpleSignal","wgEncodeUwAffyExonArrayHmvecdneoSimpleSignalRep2.broadPeak.gz","wgEncodeUwAffyExonArrayHmvecdneoSimpleSignalRep2.broadPeak","http://hgdownload.cse.ucsc.edu/goldenPath/hg19/encodeDCC/wgEncodeUwAffyExonArray/wgEncodeUwAffyExonArrayHmvecdneoSimpleSignalRep2.broadPeak.gz"
"HMVEC-LBl","wgEncodeUwAffyExonArray","AffyExonArray","ENCODE Jan 2011 Freeze",,#2010-08-19#,#2011-05-19#,"wgEncodeEH000810","GSM580019","Stam","UW",,"70af60326100d9f170cb5c3cd65dcef5",,,"wgEncode",1,"22M",2109,,"wgEncodeUwAffyExonArrayHmveclblSimpleSignalRep1",,"broadPeak","SimpleSignal","wgEncodeUwAffyExonArrayHmveclblSimpleSignalRep1.broadPeak.gz","wgEncodeUwAffyExonArrayHmveclblSimpleSignalRep1.broadPeak","http://hgdownload.cse.ucsc.edu/goldenPath/hg19/encodeDCC/wgEncodeUwAffyExonArray/wgEncodeUwAffyExonArrayHmveclblSimpleSignalRep1.broadPeak.gz"
"HMVEC-LBl","wgEncodeUwAffyExonArray","AffyExonArray","ENCODE Jan 2011 Freeze",,#2010-08-19#,#2011-05-19#,"wgEncodeEH000810","GSM580020","Stam","UW",,"149bdfa1e66b576a31b5127a5e3ad587",,,"wgEncode",2,"22M",2109,,"wgEncodeUwAffyExonArrayHmveclblSimpleSignalRep2",,"broadPeak","SimpleSignal","wgEncodeUwAffyExonArrayHmveclblSimpleSignalRep2.broadPeak.gz","wgEncodeUwAffyExonArrayHmveclblSimpleSignalRep2.broadPeak","http://hgdownload.cse.ucsc.edu/goldenPath/hg19/encodeDCC/wgEncodeUwAffyExonArray/wgEncodeUwAffyExonArrayHmveclblSimpleSignalRep2.broadPeak.gz"
"HMVEC-LLy","wgEncodeUwAffyExonArray","AffyExonArray","ENCODE Jan 2011 Freeze",,#2010-08-19#,#2011-05-19#,"wgEncodeEH000811","GSM580009","Stam","UW",,"75bf38a8336542fc9dddfeb47aeec1e5",,,"wgEncode",1,"22M",2109,,"wgEncodeUwAffyExonArrayHmvecllySimpleSignalRep1",,"broadPeak","SimpleSignal","wgEncodeUwAffyExonArrayHmvecllySimpleSignalRep1.broadPeak.gz","wgEncodeUwAffyExonArrayHmvecllySimpleSignalRep1.broadPeak","http://hgdownload.cse.ucsc.edu/goldenPath/hg19/encodeDCC/wgEncodeUwAffyExonArray/wgEncodeUwAffyExonArrayHmvecllySimpleSignalRep1.broadPeak.gz"
"HMVEC-LLy","wgEncodeUwAffyExonArray","AffyExonArray","ENCODE Jan 2011 Freeze",,#2010-08-19#,#2011-05-19#,"wgEncodeEH000811","GSM580010","Stam","UW",,"dacb8cba760ff2225eeb063b22d0f3cd",,,"wgEncode",2,"22M",2109,,"wgEncodeUwAffyExonArrayHmvecllySimpleSignalRep2",,"broadPeak","SimpleSignal","wgEncodeUwAffyExonArrayHmvecllySimpleSignalRep2.broadPeak.gz","wgEncodeUwAffyExonArrayHmvecllySimpleSignalRep2.broadPeak","http://hgdownload.cse.ucsc.edu/goldenPath/hg19/encodeDCC/wgEncodeUwAffyExonArray/wgEncodeUwAffyExonArrayHmvecllySimpleSignalRep2.broadPeak.gz"
"HNPCEpiC","wgEncodeUwAffyExonArray","AffyExonArray","ENCODE Jan 2011 Freeze",#2010-08-19#,#2010-01-10#,#2010-10-10#,"wgEncodeEH000388","GSM510560","Stam","UW",,"20b94887a8bf813ce5b1011e2c2d88e6",,"hg18","wgEncode",1,"22M",2110,,"wgEncodeUwAffyExonArrayHnpceSimpleSignalRep1",,"broadPeak","SimpleSignal","wgEncodeUwAffyExonArrayHnpceSimpleSignalRep1.broadPeak.gz","wgEncodeUwAffyExonArrayHnpceSimpleSignalRep1.broadPeak","http://hgdownload.cse.ucsc.edu/goldenPath/hg19/encodeDCC/wgEncodeUwAffyExonArray/wgEncodeUwAffyExonArrayHnpceSimpleSignalRep1.broadPeak.gz"
"HNPCEpiC","wgEncodeUwAffyExonArray","AffyExonArray","ENCODE Jan 2011 Freeze",#2010-08-19#,#2010-01-10#,#2010-10-10#,"wgEncodeEH000388","GSM510564","Stam","UW",,"65da8d56057c9936d9db6e0d2fd48de4",,"hg18","wgEncode",2,"22M",2110,,"wgEncodeUwAffyExonArrayHnpceSimpleSignalRep2",,"broadPeak","SimpleSignal","wgEncodeUwAffyExonArrayHnpceSimpleSignalRep2.broadPeak.gz","wgEncodeUwAffyExonArrayHnpceSimpleSignalRep2.broadPeak","http://hgdownload.cse.ucsc.edu/goldenPath/hg19/encodeDCC/wgEncodeUwAffyExonArray/wgEncodeUwAffyExonArrayHnpceSimpleSignalRep2.broadPeak.gz"
"HPAEC","wgEncodeUwAffyExonArray","AffyExonArray","ENCODE Mar 2012 Freeze",,#2011-10-24#,#2012-07-24#,"wgEncodeEH002158","GSM824860","Stam","UW","RS19002","b2e9149463e85bc0453a4e5b9fb8a66a",,,"wgEncode",1,"22M",5011,,"wgEncodeUwAffyExonArrayHpaecSimpleSignalRep1",,"broadPeak","SimpleSignal","wgEncodeUwAffyExonArrayHpaecSimpleSignalRep1.broadPeak.gz","wgEncodeUwAffyExonArrayHpaecSimpleSignalRep1.broadPeak","http://hgdownload.cse.ucsc.edu/goldenPath/hg19/encodeDCC/wgEncodeUwAffyExonArray/wgEncodeUwAffyExonArrayHpaecSimpleSignalRep1.broadPeak.gz"
"HPAF","wgEncodeUwAffyExonArray","AffyExonArray","ENCODE Jan 2011 Freeze",,#2010-08-19#,#2011-05-19#,"wgEncodeEH000817","GSM580033","Stam","UW",,"4b38d479ea0b6ac4ff2ebf41f3d7f4e5",,,"wgEncode",1,"22M",2109,,"wgEncodeUwAffyExonArrayHpafSimpleSignalRep1",,"broadPeak","SimpleSignal","wgEncodeUwAffyExonArrayHpafSimpleSignalRep1.broadPeak.gz","wgEncodeUwAffyExonArrayHpafSimpleSignalRep1.broadPeak","http://hgdownload.cse.ucsc.edu/goldenPath/hg19/encodeDCC/wgEncodeUwAffyExonArray/wgEncodeUwAffyExonArrayHpafSimpleSignalRep1.broadPeak.gz"
"HPAF","wgEncodeUwAffyExonArray","AffyExonArray","ENCODE Jan 2011 Freeze",,#2010-08-19#,#2011-05-19#,"wgEncodeEH000817","GSM580034","Stam","UW",,"363c4cb39186208cc7c63808f3419f1e",,,"wgEncode",2,"22M",2109,,"wgEncodeUwAffyExonArrayHpafSimpleSignalRep2",,"broadPeak","SimpleSignal","wgEncodeUwAffyExonArrayHpafSimpleSignalRep2.broadPeak.gz","wgEncodeUwAffyExonArrayHpafSimpleSignalRep2.broadPeak","http://hgdownload.cse.ucsc.edu/goldenPath/hg19/encodeDCC/wgEncodeUwAffyExonArray/wgEncodeUwAffyExonArrayHpafSimpleSignalRep2.broadPeak.gz"
"HPdLF","wgEncodeUwAffyExonArray","AffyExonArray","ENCODE Jan 2011 Freeze",,#2010-08-19#,#2011-05-19#,"wgEncodeEH000819","GSM580025","Stam","UW",,"53c9f092d9cebae309c5b916febed028",,,"wgEncode",1,"21M",2109,,"wgEncodeUwAffyExonArrayHpdlfSimpleSignalRep1",,"broadPeak","SimpleSignal","wgEncodeUwAffyExonArrayHpdlfSimpleSignalRep1.broadPeak.gz","wgEncodeUwAffyExonArrayHpdlfSimpleSignalRep1.broadPeak","http://hgdownload.cse.ucsc.edu/goldenPath/hg19/encodeDCC/wgEncodeUwAffyExonArray/wgEncodeUwAffyExonArrayHpdlfSimpleSignalRep1.broadPeak.gz"
"HPdLF","wgEncodeUwAffyExonArray","AffyExonArray","ENCODE Jan 2011 Freeze",,#2010-08-19#,#2011-05-19#,"wgEncodeEH000819","GSM580026","Stam","UW",,"cc4238bf69125bf80398242403c51a25",,,"wgEncode",2,"21M",2109,,"wgEncodeUwAffyExonArrayHpdlfSimpleSignalRep2",,"broadPeak","SimpleSignal","wgEncodeUwAffyExonArrayHpdlfSimpleSignalRep2.broadPeak.gz","wgEncodeUwAffyExonArrayHpdlfSimpleSignalRep2.broadPeak","http://hgdownload.cse.ucsc.edu/goldenPath/hg19/encodeDCC/wgEncodeUwAffyExonArray/wgEncodeUwAffyExonArrayHpdlfSimpleSignalRep2.broadPeak.gz"
"HPF","wgEncodeUwAffyExonArray","AffyExonArray","ENCODE Jan 2011 Freeze",,#2010-08-19#,#2011-05-19#,"wgEncodeEH000818","GSM580035","Stam","UW",,"4a4344384ed5892a51c6c9287fc37204",,,"wgEncode",1,"22M",2109,,"wgEncodeUwAffyExonArrayHpfSimpleSignalRep1",,"broadPeak","SimpleSignal","wgEncodeUwAffyExonArrayHpfSimpleSignalRep1.broadPeak.gz","wgEncodeUwAffyExonArrayHpfSimpleSignalRep1.broadPeak","http://hgdownload.cse.ucsc.edu/goldenPath/hg19/encodeDCC/wgEncodeUwAffyExonArray/wgEncodeUwAffyExonArrayHpfSimpleSignalRep1.broadPeak.gz"
"HPF","wgEncodeUwAffyExonArray","AffyExonArray","ENCODE Jan 2011 Freeze",,#2010-08-19#,#2011-05-19#,"wgEncodeEH000818","GSM580036","Stam","UW",,"d89fb5e2c53209ef3268afebd6abb1de",,,"wgEncode",2,"21M",2109,,"wgEncodeUwAffyExonArrayHpfSimpleSignalRep2",,"broadPeak","SimpleSignal","wgEncodeUwAffyExonArrayHpfSimpleSignalRep2.broadPeak.gz","wgEncodeUwAffyExonArrayHpfSimpleSignalRep2.broadPeak","http://hgdownload.cse.ucsc.edu/goldenPath/hg19/encodeDCC/wgEncodeUwAffyExonArray/wgEncodeUwAffyExonArrayHpfSimpleSignalRep2.broadPeak.gz"
"HRCEpiC","wgEncodeUwAffyExonArray","AffyExonArray","ENCODE Jan 2011 Freeze",#2010-08-19#,#2009-06-29#,#2010-03-29#,"wgEncodeEH000355","GSM472920","Stam","UW",,"8668ad112cd8902d393ff7f7e38cab49",,"hg18","wgEncode",1,"22M",2110,,"wgEncodeUwAffyExonArrayHrceSimpleSignalRep1",,"broadPeak","SimpleSignal","wgEncodeUwAffyExonArrayHrceSimpleSignalRep1.broadPeak.gz","wgEncodeUwAffyExonArrayHrceSimpleSignalRep1.broadPeak","http://hgdownload.cse.ucsc.edu/goldenPath/hg19/encodeDCC/wgEncodeUwAffyExonArray/wgEncodeUwAffyExonArrayHrceSimpleSignalRep1.broadPeak.gz"
"HRCEpiC","wgEncodeUwAffyExonArray","AffyExonArray","ENCODE Jan 2011 Freeze",#2010-08-19#,#2009-06-29#,#2010-03-29#,"wgEncodeEH000355","GSM472921","Stam","UW",,"e605ddeb1fdbf3fe001f2487ff29cfb6",,"hg18","wgEncode",2,"22M",2110,,"wgEncodeUwAffyExonArrayHrceSimpleSignalRep2",,"broadPeak","SimpleSignal","wgEncodeUwAffyExonArrayHrceSimpleSignalRep2.broadPeak.gz","wgEncodeUwAffyExonArrayHrceSimpleSignalRep2.broadPeak","http://hgdownload.cse.ucsc.edu/goldenPath/hg19/encodeDCC/wgEncodeUwAffyExonArray/wgEncodeUwAffyExonArrayHrceSimpleSignalRep2.broadPeak.gz"
"HRE","wgEncodeUwAffyExonArray","AffyExonArray","ENCODE Jan 2011 Freeze",#2010-08-19#,#2009-06-29#,#2010-03-29#,"wgEncodeEH000356","GSM472919","Stam","UW",,"a5910eb03089beb7e26ed32ffe43523e",,"hg18","wgEncode",1,"21M",2110,,"wgEncodeUwAffyExonArrayHreSimpleSignalRep1",,"broadPeak","SimpleSignal","wgEncodeUwAffyExonArrayHreSimpleSignalRep1.broadPeak.gz","wgEncodeUwAffyExonArrayHreSimpleSignalRep1.broadPeak","http://hgdownload.cse.ucsc.edu/goldenPath/hg19/encodeDCC/wgEncodeUwAffyExonArray/wgEncodeUwAffyExonArrayHreSimpleSignalRep1.broadPeak.gz"
"HRE","wgEncodeUwAffyExonArray","AffyExonArray","ENCODE Jan 2011 Freeze",#2010-08-19#,#2009-06-29#,#2010-03-29#,"wgEncodeEH000356","GSM472918","Stam","UW",,"d6189242192e6b4812597fa0f5d04c09",,"hg18","wgEncode",2,"22M",2110,,"wgEncodeUwAffyExonArrayHreSimpleSignalRep2",,"broadPeak","SimpleSignal","wgEncodeUwAffyExonArrayHreSimpleSignalRep2.broadPeak.gz","wgEncodeUwAffyExonArrayHreSimpleSignalRep2.broadPeak","http://hgdownload.cse.ucsc.edu/goldenPath/hg19/encodeDCC/wgEncodeUwAffyExonArray/wgEncodeUwAffyExonArrayHreSimpleSignalRep2.broadPeak.gz"
"HRGEC","wgEncodeUwAffyExonArray","AffyExonArray","ENCODE Mar 2012 Freeze",,#2011-03-10#,#2011-12-10#,"wgEncodeEH000832","GSM651572","Stam","UW",,"1e117debef3094e45d76bf5301595fa7",,,"wgEncode",1,"22M",3816,"V2 - lab labeling error","wgEncodeUwAffyExonArrayHrgecSimpleSignalRep1",,"broadPeak","SimpleSignal","wgEncodeUwAffyExonArrayHrgecSimpleSignalRep1.broadPeak.gz","wgEncodeUwAffyExonArrayHrgecSimpleSignalRep1.broadPeak","http://hgdownload.cse.ucsc.edu/goldenPath/hg19/encodeDCC/wgEncodeUwAffyExonArray/wgEncodeUwAffyExonArrayHrgecSimpleSignalRep1.broadPeak.gz"
"HRGEC","wgEncodeUwAffyExonArray","AffyExonArray","ENCODE Mar 2012 Freeze",,#2011-03-10#,#2011-12-10#,"wgEncodeEH000832","GSM651573","Stam","UW",,"68574016f6f83a737bb30870adcdab48",,,"wgEncode",2,"22M",3816,"V2 - lab labeling error","wgEncodeUwAffyExonArrayHrgecSimpleSignalRep2",,"broadPeak","SimpleSignal","wgEncodeUwAffyExonArrayHrgecSimpleSignalRep2.broadPeak.gz","wgEncodeUwAffyExonArrayHrgecSimpleSignalRep2.broadPeak","http://hgdownload.cse.ucsc.edu/goldenPath/hg19/encodeDCC/wgEncodeUwAffyExonArray/wgEncodeUwAffyExonArrayHrgecSimpleSignalRep2.broadPeak.gz"
"HRPEpiC","wgEncodeUwAffyExonArray","AffyExonArray","ENCODE Jan 2011 Freeze",#2010-08-19#,#2010-01-10#,#2010-10-10#,"wgEncodeEH000389","GSM510514","Stam","UW",,"ee5a433882ba397ff51ed082a85d1f41",,"hg18","wgEncode",1,"22M",2110,,"wgEncodeUwAffyExonArrayHrpeSimpleSignalRep1",,"broadPeak","SimpleSignal","wgEncodeUwAffyExonArrayHrpeSimpleSignalRep1.broadPeak.gz","wgEncodeUwAffyExonArrayHrpeSimpleSignalRep1.broadPeak","http://hgdownload.cse.ucsc.edu/goldenPath/hg19/encodeDCC/wgEncodeUwAffyExonArray/wgEncodeUwAffyExonArrayHrpeSimpleSignalRep1.broadPeak.gz"
"HRPEpiC","wgEncodeUwAffyExonArray","AffyExonArray","ENCODE Jan 2011 Freeze",#2010-08-19#,#2010-01-10#,#2010-10-10#,"wgEncodeEH000389","GSM510515","Stam","UW",,"39b929add81f6dc5b2f6ba4e76cc3471",,"hg18","wgEncode",2,"22M",2110,,"wgEncodeUwAffyExonArrayHrpeSimpleSignalRep2",,"broadPeak","SimpleSignal","wgEncodeUwAffyExonArrayHrpeSimpleSignalRep2.broadPeak.gz","wgEncodeUwAffyExonArrayHrpeSimpleSignalRep2.broadPeak","http://hgdownload.cse.ucsc.edu/goldenPath/hg19/encodeDCC/wgEncodeUwAffyExonArray/wgEncodeUwAffyExonArrayHrpeSimpleSignalRep2.broadPeak.gz"
"HSMM","wgEncodeUwAffyExonArray","AffyExonArray","ENCODE Mar 2012 Freeze",,#2011-03-10#,#2011-12-10#,"wgEncodeEH000833","GSM651574","Stam","UW",,"1d17b56fefe3487c7b617bf20f5f27d9",,,"wgEncode",1,"22M",3816,"V2 - lab labeling error","wgEncodeUwAffyExonArrayHsmmSimpleSignalRep1",,"broadPeak","SimpleSignal","wgEncodeUwAffyExonArrayHsmmSimpleSignalRep1.broadPeak.gz","wgEncodeUwAffyExonArrayHsmmSimpleSignalRep1.broadPeak","http://hgdownload.cse.ucsc.edu/goldenPath/hg19/encodeDCC/wgEncodeUwAffyExonArray/wgEncodeUwAffyExonArrayHsmmSimpleSignalRep1.broadPeak.gz"
"HSMM","wgEncodeUwAffyExonArray","AffyExonArray","ENCODE Mar 2012 Freeze",,#2011-03-10#,#2011-12-10#,"wgEncodeEH000833","GSM651575","Stam","UW",,"1c1116c7fc3cefb56a447c9b7b3204b0",,,"wgEncode",2,"22M",3816,"V2 - lab labeling error","wgEncodeUwAffyExonArrayHsmmSimpleSignalRep2",,"broadPeak","SimpleSignal","wgEncodeUwAffyExonArrayHsmmSimpleSignalRep2.broadPeak.gz","wgEncodeUwAffyExonArrayHsmmSimpleSignalRep2.broadPeak","http://hgdownload.cse.ucsc.edu/goldenPath/hg19/encodeDCC/wgEncodeUwAffyExonArray/wgEncodeUwAffyExonArrayHsmmSimpleSignalRep2.broadPeak.gz"
"HSMMtube","wgEncodeUwAffyExonArray","AffyExonArray","ENCODE Jan 2011 Freeze",,#2011-01-11#,#2011-10-10#,"wgEncodeEH000826","GSM651576","Stam","UW",,"616e4bc4bd5315207334fc76d16f49a3",,,"wgEncode",1,"22M",3216,,"wgEncodeUwAffyExonArrayHsmmtSimpleSignalRep1",,"broadPeak","SimpleSignal","wgEncodeUwAffyExonArrayHsmmtSimpleSignalRep1.broadPeak.gz","wgEncodeUwAffyExonArrayHsmmtSimpleSignalRep1.broadPeak","http://hgdownload.cse.ucsc.edu/goldenPath/hg19/encodeDCC/wgEncodeUwAffyExonArray/wgEncodeUwAffyExonArrayHsmmtSimpleSignalRep1.broadPeak.gz"
"HSMMtube","wgEncodeUwAffyExonArray","AffyExonArray","ENCODE Mar 2012 Freeze",,#2011-10-24#,#2012-07-24#,"wgEncodeEH000826","GSM824861","Stam","UW","RS17572","c0df6f6a2c63eb4201f2f7a2fe6717f7",,,"wgEncode",2,"22M",5011,,"wgEncodeUwAffyExonArrayHsmmtSimpleSignalRep2",,"broadPeak","SimpleSignal","wgEncodeUwAffyExonArrayHsmmtSimpleSignalRep2.broadPeak.gz","wgEncodeUwAffyExonArrayHsmmtSimpleSignalRep2.broadPeak","http://hgdownload.cse.ucsc.edu/goldenPath/hg19/encodeDCC/wgEncodeUwAffyExonArray/wgEncodeUwAffyExonArrayHsmmtSimpleSignalRep2.broadPeak.gz"
"HUVEC","wgEncodeUwAffyExonArray","AffyExonArray","ENCODE Jan 2011 Freeze",#2010-08-19#,#2009-09-21#,#2010-06-21#,"wgEncodeEH000368","GSM472935","Stam","UW",,"c6f83663ec84170f74b628d18bfdbd13",,"hg18","wgEncode",1,"21M",2110,,"wgEncodeUwAffyExonArrayHuvecSimpleSignalRep1",,"broadPeak","SimpleSignal","wgEncodeUwAffyExonArrayHuvecSimpleSignalRep1.broadPeak.gz","wgEncodeUwAffyExonArrayHuvecSimpleSignalRep1.broadPeak","http://hgdownload.cse.ucsc.edu/goldenPath/hg19/encodeDCC/wgEncodeUwAffyExonArray/wgEncodeUwAffyExonArrayHuvecSimpleSignalRep1.broadPeak.gz"
"HUVEC","wgEncodeUwAffyExonArray","AffyExonArray","ENCODE Jan 2011 Freeze",,#2011-01-11#,#2011-10-10#,"wgEncodeEH000368","GSM651577","Stam","UW",,"819213d4a73deee17bf1f47d57bdb616",,,"wgEncode",2,"22M",3216,,"wgEncodeUwAffyExonArrayHuvecSimpleSignalRep2",,"broadPeak","SimpleSignal","wgEncodeUwAffyExonArrayHuvecSimpleSignalRep2.broadPeak.gz","wgEncodeUwAffyExonArrayHuvecSimpleSignalRep2.broadPeak","http://hgdownload.cse.ucsc.edu/goldenPath/hg19/encodeDCC/wgEncodeUwAffyExonArray/wgEncodeUwAffyExonArrayHuvecSimpleSignalRep2.broadPeak.gz"
"HVMF","wgEncodeUwAffyExonArray","AffyExonArray","ENCODE Jan 2011 Freeze",,#2010-08-19#,#2011-05-19#,"wgEncodeEH000820","GSM580037","Stam","UW",,"7e2d1d9c96174fef814e12f959534979",,,"wgEncode",1,"21M",2109,,"wgEncodeUwAffyExonArrayHvmfSimpleSignalRep1",,"broadPeak","SimpleSignal","wgEncodeUwAffyExonArrayHvmfSimpleSignalRep1.broadPeak.gz","wgEncodeUwAffyExonArrayHvmfSimpleSignalRep1.broadPeak","http://hgdownload.cse.ucsc.edu/goldenPath/hg19/encodeDCC/wgEncodeUwAffyExonArray/wgEncodeUwAffyExonArrayHvmfSimpleSignalRep1.broadPeak.gz"
"HVMF","wgEncodeUwAffyExonArray","AffyExonArray","ENCODE Jan 2011 Freeze",,#2010-08-19#,#2011-05-19#,"wgEncodeEH000820","GSM580038","Stam","UW",,"7d68f4fde89359e59d5b03668666ea12",,,"wgEncode",2,"22M",2109,,"wgEncodeUwAffyExonArrayHvmfSimpleSignalRep2",,"broadPeak","SimpleSignal","wgEncodeUwAffyExonArrayHvmfSimpleSignalRep2.broadPeak.gz","wgEncodeUwAffyExonArrayHvmfSimpleSignalRep2.broadPeak","http://hgdownload.cse.ucsc.edu/goldenPath/hg19/encodeDCC/wgEncodeUwAffyExonArray/wgEncodeUwAffyExonArrayHvmfSimpleSignalRep2.broadPeak.gz"
"Jurkat","wgEncodeUwAffyExonArray","AffyExonArray","ENCODE Jan 2011 Freeze",#2010-08-19#,#2009-09-21#,#2010-06-21#,"wgEncodeEH000369","GSM472928","Stam","UW",,"be4733fceabba4fdb3cf35fc1e41d713",,"hg18","wgEncode",1,"21M",2110,,"wgEncodeUwAffyExonArrayJurkatSimpleSignalRep1",,"broadPeak","SimpleSignal","wgEncodeUwAffyExonArrayJurkatSimpleSignalRep1.broadPeak.gz","wgEncodeUwAffyExonArrayJurkatSimpleSignalRep1.broadPeak","http://hgdownload.cse.ucsc.edu/goldenPath/hg19/encodeDCC/wgEncodeUwAffyExonArray/wgEncodeUwAffyExonArrayJurkatSimpleSignalRep1.broadPeak.gz"
"Jurkat","wgEncodeUwAffyExonArray","AffyExonArray","ENCODE Jan 2011 Freeze",#2010-08-19#,#2010-01-10#,#2010-10-10#,"wgEncodeEH000369","GSM510511","Stam","UW",,"0d2697e2daf6283be15f097e31ff27c7",,"hg18","wgEncode",2,"22M",2110,,"wgEncodeUwAffyExonArrayJurkatSimpleSignalRep2",,"broadPeak","SimpleSignal","wgEncodeUwAffyExonArrayJurkatSimpleSignalRep2.broadPeak.gz","wgEncodeUwAffyExonArrayJurkatSimpleSignalRep2.broadPeak","http://hgdownload.cse.ucsc.edu/goldenPath/hg19/encodeDCC/wgEncodeUwAffyExonArray/wgEncodeUwAffyExonArrayJurkatSimpleSignalRep2.broadPeak.gz"
"K562","wgEncodeUwAffyExonArray","AffyExonArray","ENCODE Jan 2011 Freeze",#2010-08-19#,#2009-07-02#,#2010-04-02#,"wgEncodeEH000362","GSM472926","Stam","UW",,"40f55f72b5b616ad17fbd87f87e60ec0",,"hg18","wgEncode",1,"21M",2110,,"wgEncodeUwAffyExonArrayK562SimpleSignalRep1",,"broadPeak","SimpleSignal","wgEncodeUwAffyExonArrayK562SimpleSignalRep1.broadPeak.gz","wgEncodeUwAffyExonArrayK562SimpleSignalRep1.broadPeak","http://hgdownload.cse.ucsc.edu/goldenPath/hg19/encodeDCC/wgEncodeUwAffyExonArray/wgEncodeUwAffyExonArrayK562SimpleSignalRep1.broadPeak.gz"
"K562","wgEncodeUwAffyExonArray","AffyExonArray","ENCODE Jan 2011 Freeze",#2010-08-19#,#2009-09-21#,#2010-06-21#,"wgEncodeEH000362","GSM472927","Stam","UW",,"0d52361033fe085d68e53ccce045ea7d",,"hg18","wgEncode",2,"21M",2110,,"wgEncodeUwAffyExonArrayK562SimpleSignalRep2",,"broadPeak","SimpleSignal","wgEncodeUwAffyExonArrayK562SimpleSignalRep2.broadPeak.gz","wgEncodeUwAffyExonArrayK562SimpleSignalRep2.broadPeak","http://hgdownload.cse.ucsc.edu/goldenPath/hg19/encodeDCC/wgEncodeUwAffyExonArray/wgEncodeUwAffyExonArrayK562SimpleSignalRep2.broadPeak.gz"
"K562","wgEncodeUwAffyExonArray","AffyExonArray","ENCODE Jul 2012 Freeze",,#2012-07-10#,#2013-04-09#,"wgEncodeEH002980",,"Stam","UW","RS17367","64982ccfd571276575cb8015bccb6727","revoked - data is mixed and merged with other experiments",,"wgEncode",1,"22M",7341,,"wgEncodeUwAffyExonArrayK562Znf4c50c4SimpleSignalRep1","ZNF_knockout_4C50_C4","broadPeak","SimpleSignal","wgEncodeUwAffyExonArrayK562Znf4c50c4SimpleSignalRep1.broadPeak.gz","wgEncodeUwAffyExonArrayK562Znf4c50c4SimpleSignalRep1.broadPeak","http://hgdownload.cse.ucsc.edu/goldenPath/hg19/encodeDCC/wgEncodeUwAffyExonArray/wgEncodeUwAffyExonArrayK562Znf4c50c4SimpleSignalRep1.broadPeak.gz"
"K562","wgEncodeUwAffyExonArray","AffyExonArray","ENCODE Jul 2012 Freeze",,#2012-07-10#,#2013-04-09#,"wgEncodeEH002980",,"Stam","UW","RS17335","84e6bf3a2a69fc0b3f51de71b2286424","revoked - data is mixed and merged with other experiments",,"wgEncode",2,"22M",7341,,"wgEncodeUwAffyExonArrayK562Znf4c50c4SimpleSignalRep2","ZNF_knockout_4C50_C4","broadPeak","SimpleSignal","wgEncodeUwAffyExonArrayK562Znf4c50c4SimpleSignalRep2.broadPeak.gz","wgEncodeUwAffyExonArrayK562Znf4c50c4SimpleSignalRep2.broadPeak","http://hgdownload.cse.ucsc.edu/goldenPath/hg19/encodeDCC/wgEncodeUwAffyExonArray/wgEncodeUwAffyExonArrayK562Znf4c50c4SimpleSignalRep2.broadPeak.gz"
"K562","wgEncodeUwAffyExonArray","AffyExonArray","ENCODE Jul 2012 Freeze",,#2012-07-10#,#2013-04-09#,"wgEncodeEH002981",,"Stam","UW","RS17179","aa593ae0a9d17255ad81bd1da318dcc7","revoked - data is mixed and merged with other experiments",,"wgEncode",1,"21M",7341,,"wgEncodeUwAffyExonArrayK562Znfa41c6SimpleSignalRep1","ZNF_knockout_A4.1-C6","broadPeak","SimpleSignal","wgEncodeUwAffyExonArrayK562Znfa41c6SimpleSignalRep1.broadPeak.gz","wgEncodeUwAffyExonArrayK562Znfa41c6SimpleSignalRep1.broadPeak","http://hgdownload.cse.ucsc.edu/goldenPath/hg19/encodeDCC/wgEncodeUwAffyExonArray/wgEncodeUwAffyExonArrayK562Znfa41c6SimpleSignalRep1.broadPeak.gz"
"K562","wgEncodeUwAffyExonArray","AffyExonArray","ENCODE Jul 2012 Freeze",,#2012-07-10#,#2013-04-09#,"wgEncodeEH002981",,"Stam","UW","RS17334","9fdd4837ac0ae5a552115c25740a16eb","revoked - data is mixed and merged with other experiments",,"wgEncode",2,"22M",7341,,"wgEncodeUwAffyExonArrayK562Znfa41c6SimpleSignalRep2","ZNF_knockout_A4.1-C6","broadPeak","SimpleSignal","wgEncodeUwAffyExonArrayK562Znfa41c6SimpleSignalRep2.broadPeak.gz","wgEncodeUwAffyExonArrayK562Znfa41c6SimpleSignalRep2.broadPeak","http://hgdownload.cse.ucsc.edu/goldenPath/hg19/encodeDCC/wgEncodeUwAffyExonArray/wgEncodeUwAffyExonArrayK562Znfa41c6SimpleSignalRep2.broadPeak.gz"
"K562","wgEncodeUwAffyExonArray","AffyExonArray","ENCODE Jul 2012 Freeze",,#2012-07-10#,#2013-04-09#,"wgEncodeEH002982",,"Stam","UW","RS17339","e3b1cb61393b1b0f6084caa2c5ced2b8","revoked - data is mixed and merged with other experiments",,"wgEncode",1,"22M",7341,,"wgEncodeUwAffyExonArrayK562Znff41b2SimpleSignalRep1","ZNF_knockout_F4.1-B2","broadPeak","SimpleSignal","wgEncodeUwAffyExonArrayK562Znff41b2SimpleSignalRep1.broadPeak.gz","wgEncodeUwAffyExonArrayK562Znff41b2SimpleSignalRep1.broadPeak","http://hgdownload.cse.ucsc.edu/goldenPath/hg19/encodeDCC/wgEncodeUwAffyExonArray/wgEncodeUwAffyExonArrayK562Znff41b2SimpleSignalRep1.broadPeak.gz"
"K562","wgEncodeUwAffyExonArray","AffyExonArray","ENCODE Jul 2012 Freeze",,#2012-07-10#,#2013-04-09#,"wgEncodeEH002982",,"Stam","UW","RS17366","dd34f964e1350f478256a42b0f544f4b","revoked - data is mixed and merged with other experiments",,"wgEncode",2,"22M",7341,,"wgEncodeUwAffyExonArrayK562Znff41b2SimpleSignalRep2","ZNF_knockout_F4.1-B2","broadPeak","SimpleSignal","wgEncodeUwAffyExonArrayK562Znff41b2SimpleSignalRep2.broadPeak.gz","wgEncodeUwAffyExonArrayK562Znff41b2SimpleSignalRep2.broadPeak","http://hgdownload.cse.ucsc.edu/goldenPath/hg19/encodeDCC/wgEncodeUwAffyExonArray/wgEncodeUwAffyExonArrayK562Znff41b2SimpleSignalRep2.broadPeak.gz"
"K562","wgEncodeUwAffyExonArray","AffyExonArray","ENCODE Jul 2012 Freeze",,#2012-07-10#,#2013-04-09#,"wgEncodeEH002983",,"Stam","UW","RS17337","ceb018c757fe425967829df50fb1d724","revoked - data is mixed and merged with other experiments",,"wgEncode",1,"22M",7341,,"wgEncodeUwAffyExonArrayK562Znfp5SimpleSignalRep1","ZNF_knockout_P5","broadPeak","SimpleSignal","wgEncodeUwAffyExonArrayK562Znfp5SimpleSignalRep1.broadPeak.gz","wgEncodeUwAffyExonArrayK562Znfp5SimpleSignalRep1.broadPeak","http://hgdownload.cse.ucsc.edu/goldenPath/hg19/encodeDCC/wgEncodeUwAffyExonArray/wgEncodeUwAffyExonArrayK562Znfp5SimpleSignalRep1.broadPeak.gz"
"K562","wgEncodeUwAffyExonArray","AffyExonArray","ENCODE Jul 2012 Freeze",,#2012-07-10#,#2013-04-09#,"wgEncodeEH002983",,"Stam","UW","RS17338","88f8276c44e54c0ded79ab4e1676210d","revoked - data is mixed and merged with other experiments",,"wgEncode",2,"22M",7341,,"wgEncodeUwAffyExonArrayK562Znfp5SimpleSignalRep2","ZNF_knockout_P5","broadPeak","SimpleSignal","wgEncodeUwAffyExonArrayK562Znfp5SimpleSignalRep2.broadPeak.gz","wgEncodeUwAffyExonArrayK562Znfp5SimpleSignalRep2.broadPeak","http://hgdownload.cse.ucsc.edu/goldenPath/hg19/encodeDCC/wgEncodeUwAffyExonArray/wgEncodeUwAffyExonArrayK562Znfp5SimpleSignalRep2.broadPeak.gz"
"LNCaP","wgEncodeUwAffyExonArray","AffyExonArray","ENCODE Jan 2011 Freeze",,#2011-01-11#,#2011-10-10#,"wgEncodeEH000827","GSM651578","Stam","UW",,"b866e75f4669ac656cfe387aa9bd2b98",,,"wgEncode",1,"21M",3216,,"wgEncodeUwAffyExonArrayLncapSimpleSignalRep1",,"broadPeak","SimpleSignal","wgEncodeUwAffyExonArrayLncapSimpleSignalRep1.broadPeak.gz","wgEncodeUwAffyExonArrayLncapSimpleSignalRep1.broadPeak","http://hgdownload.cse.ucsc.edu/goldenPath/hg19/encodeDCC/wgEncodeUwAffyExonArray/wgEncodeUwAffyExonArrayLncapSimpleSignalRep1.broadPeak.gz"
"LNCaP","wgEncodeUwAffyExonArray","AffyExonArray","ENCODE Jan 2011 Freeze",,#2011-01-11#,#2011-10-10#,"wgEncodeEH000827","GSM651579","Stam","UW",,"d03059611898499dc89a54e8e1ce658e",,,"wgEncode",2,"22M",3216,,"wgEncodeUwAffyExonArrayLncapSimpleSignalRep2",,"broadPeak","SimpleSignal","wgEncodeUwAffyExonArrayLncapSimpleSignalRep2.broadPeak.gz","wgEncodeUwAffyExonArrayLncapSimpleSignalRep2.broadPeak","http://hgdownload.cse.ucsc.edu/goldenPath/hg19/encodeDCC/wgEncodeUwAffyExonArray/wgEncodeUwAffyExonArrayLncapSimpleSignalRep2.broadPeak.gz"
"MCF-7","wgEncodeUwAffyExonArray","AffyExonArray","ENCODE Jan 2011 Freeze",#2010-08-19#,#2009-09-21#,#2010-06-21#,"wgEncodeEH000370","GSM472936","Stam","UW",,"c74c6567cc184a438136032b896dfa77",,"hg18","wgEncode",1,"21M",2110,,"wgEncodeUwAffyExonArrayMcf7SimpleSignalRep1",,"broadPeak","SimpleSignal","wgEncodeUwAffyExonArrayMcf7SimpleSignalRep1.broadPeak.gz","wgEncodeUwAffyExonArrayMcf7SimpleSignalRep1.broadPeak","http://hgdownload.cse.ucsc.edu/goldenPath/hg19/encodeDCC/wgEncodeUwAffyExonArray/wgEncodeUwAffyExonArrayMcf7SimpleSignalRep1.broadPeak.gz"
"MCF-7","wgEncodeUwAffyExonArray","AffyExonArray","ENCODE Jan 2011 Freeze",#2010-08-19#,#2010-01-10#,#2010-10-10#,"wgEncodeEH000370","GSM510510","Stam","UW",,"d35d3dc2fd52d42e842410932d55ee78",,"hg18","wgEncode",2,"22M",2110,,"wgEncodeUwAffyExonArrayMcf7SimpleSignalRep2",,"broadPeak","SimpleSignal","wgEncodeUwAffyExonArrayMcf7SimpleSignalRep2.broadPeak.gz","wgEncodeUwAffyExonArrayMcf7SimpleSignalRep2.broadPeak","http://hgdownload.cse.ucsc.edu/goldenPath/hg19/encodeDCC/wgEncodeUwAffyExonArray/wgEncodeUwAffyExonArrayMcf7SimpleSignalRep2.broadPeak.gz"
"NB4","wgEncodeUwAffyExonArray","AffyExonArray","ENCODE Jan 2011 Freeze",#2010-08-19#,#2009-09-21#,#2010-06-21#,"wgEncodeEH000371","GSM510512","Stam","UW",,"a6c2887c8ff637e5dbda01e384929727",,"hg18","wgEncode",1,"22M",2110,,"wgEncodeUwAffyExonArrayNb4SimpleSignalRep1",,"broadPeak","SimpleSignal","wgEncodeUwAffyExonArrayNb4SimpleSignalRep1.broadPeak.gz","wgEncodeUwAffyExonArrayNb4SimpleSignalRep1.broadPeak","http://hgdownload.cse.ucsc.edu/goldenPath/hg19/encodeDCC/wgEncodeUwAffyExonArray/wgEncodeUwAffyExonArrayNb4SimpleSignalRep1.broadPeak.gz"
"NB4","wgEncodeUwAffyExonArray","AffyExonArray","ENCODE Jan 2011 Freeze",#2010-08-19#,#2010-01-10#,#2010-10-10#,"wgEncodeEH000371","GSM510513","Stam","UW",,"2a869c60211c5da4e0175b090585e166",,"hg18","wgEncode",2,"22M",2110,,"wgEncodeUwAffyExonArrayNb4SimpleSignalRep2",,"broadPeak","SimpleSignal","wgEncodeUwAffyExonArrayNb4SimpleSignalRep2.broadPeak.gz","wgEncodeUwAffyExonArrayNb4SimpleSignalRep2.broadPeak","http://hgdownload.cse.ucsc.edu/goldenPath/hg19/encodeDCC/wgEncodeUwAffyExonArray/wgEncodeUwAffyExonArrayNb4SimpleSignalRep2.broadPeak.gz"
"NH-A","wgEncodeUwAffyExonArray","AffyExonArray","ENCODE Jan 2011 Freeze",,#2010-08-19#,#2011-05-19#,"wgEncodeEH000821","GSM580043","Stam","UW",,"33f27f4a2ff61a9b231c60196ca4a5d4",,,"wgEncode",1,"22M",2109,,"wgEncodeUwAffyExonArrayNhaSimpleSignalRep1",,"broadPeak","SimpleSignal","wgEncodeUwAffyExonArrayNhaSimpleSignalRep1.broadPeak.gz","wgEncodeUwAffyExonArrayNhaSimpleSignalRep1.broadPeak","http://hgdownload.cse.ucsc.edu/goldenPath/hg19/encodeDCC/wgEncodeUwAffyExonArray/wgEncodeUwAffyExonArrayNhaSimpleSignalRep1.broadPeak.gz"
"NH-A","wgEncodeUwAffyExonArray","AffyExonArray","ENCODE Jan 2011 Freeze",,#2010-08-19#,#2011-05-19#,"wgEncodeEH000821","GSM580044","Stam","UW",,"b1b738e59f723c7fa301a1b90ff3e4dc",,,"wgEncode",2,"22M",2109,,"wgEncodeUwAffyExonArrayNhaSimpleSignalRep2",,"broadPeak","SimpleSignal","wgEncodeUwAffyExonArrayNhaSimpleSignalRep2.broadPeak.gz","wgEncodeUwAffyExonArrayNhaSimpleSignalRep2.broadPeak","http://hgdownload.cse.ucsc.edu/goldenPath/hg19/encodeDCC/wgEncodeUwAffyExonArray/wgEncodeUwAffyExonArrayNhaSimpleSignalRep2.broadPeak.gz"
"NHBE","wgEncodeUwAffyExonArray","AffyExonArray","ENCODE Mar 2012 Freeze",,#2011-10-24#,#2012-07-24#,"wgEncodeEH002159","GSM824853","Stam","UW","RS19003","fc46de736060bd30adc90dc8605f4f50",,,"wgEncode",1,"22M",5011,,"wgEncodeUwAffyExonArrayNhbeSimpleSignalRep1",,"broadPeak","SimpleSignal","wgEncodeUwAffyExonArrayNhbeSimpleSignalRep1.broadPeak.gz","wgEncodeUwAffyExonArrayNhbeSimpleSignalRep1.broadPeak","http://hgdownload.cse.ucsc.edu/goldenPath/hg19/encodeDCC/wgEncodeUwAffyExonArray/wgEncodeUwAffyExonArrayNhbeSimpleSignalRep1.broadPeak.gz"
"NHBE","wgEncodeUwAffyExonArray","AffyExonArray","ENCODE Mar 2012 Freeze",,#2011-10-24#,#2012-07-24#,"wgEncodeEH002159","GSM824854","Stam","UW","RS19004","338e6f0753cb1ea6e822897fc1166bb6",,,"wgEncode",2,"22M",5011,,"wgEncodeUwAffyExonArrayNhbeSimpleSignalRep2",,"broadPeak","SimpleSignal","wgEncodeUwAffyExonArrayNhbeSimpleSignalRep2.broadPeak.gz","wgEncodeUwAffyExonArrayNhbeSimpleSignalRep2.broadPeak","http://hgdownload.cse.ucsc.edu/goldenPath/hg19/encodeDCC/wgEncodeUwAffyExonArray/wgEncodeUwAffyExonArrayNhbeSimpleSignalRep2.broadPeak.gz"
"NHDF-Ad","wgEncodeUwAffyExonArray","AffyExonArray","ENCODE Jan 2011 Freeze",,#2010-08-19#,#2011-05-19#,"wgEncodeEH000822","GSM580017","Stam","UW",,"561121bc41e1a1063b15695986e569aa",,,"wgEncode",1,"22M",2109,,"wgEncodeUwAffyExonArrayNhdfadSimpleSignalRep1",,"broadPeak","SimpleSignal","wgEncodeUwAffyExonArrayNhdfadSimpleSignalRep1.broadPeak.gz","wgEncodeUwAffyExonArrayNhdfadSimpleSignalRep1.broadPeak","http://hgdownload.cse.ucsc.edu/goldenPath/hg19/encodeDCC/wgEncodeUwAffyExonArray/wgEncodeUwAffyExonArrayNhdfadSimpleSignalRep1.broadPeak.gz"
"NHDF-Ad","wgEncodeUwAffyExonArray","AffyExonArray","ENCODE Jan 2011 Freeze",,#2010-08-19#,#2011-05-19#,"wgEncodeEH000822","GSM580018","Stam","UW",,"f7599ec4c1060ea8c7e259261cc378c1",,,"wgEncode",2,"22M",2109,,"wgEncodeUwAffyExonArrayNhdfadSimpleSignalRep2",,"broadPeak","SimpleSignal","wgEncodeUwAffyExonArrayNhdfadSimpleSignalRep2.broadPeak.gz","wgEncodeUwAffyExonArrayNhdfadSimpleSignalRep2.broadPeak","http://hgdownload.cse.ucsc.edu/goldenPath/hg19/encodeDCC/wgEncodeUwAffyExonArray/wgEncodeUwAffyExonArrayNhdfadSimpleSignalRep2.broadPeak.gz"
"NHDF-neo","wgEncodeUwAffyExonArray","AffyExonArray","ENCODE Jan 2011 Freeze",#2010-08-19#,#2010-01-10#,#2010-10-10#,"wgEncodeEH000390","GSM510554","Stam","UW",,"d5c294986d6332f4de0d72fa5b89a8d1",,"hg18","wgEncode",1,"21M",2110,,"wgEncodeUwAffyExonArrayNhdfneoSimpleSignalRep1",,"broadPeak","SimpleSignal","wgEncodeUwAffyExonArrayNhdfneoSimpleSignalRep1.broadPeak.gz","wgEncodeUwAffyExonArrayNhdfneoSimpleSignalRep1.broadPeak","http://hgdownload.cse.ucsc.edu/goldenPath/hg19/encodeDCC/wgEncodeUwAffyExonArray/wgEncodeUwAffyExonArrayNhdfneoSimpleSignalRep1.broadPeak.gz"
"NHDF-neo","wgEncodeUwAffyExonArray","AffyExonArray","ENCODE Jan 2011 Freeze",#2010-08-19#,#2010-01-10#,#2010-10-10#,"wgEncodeEH000390","GSM510557","Stam","UW",,"832391bc459622f827b44c69b4faaa7b",,"hg18","wgEncode",2,"21M",2110,,"wgEncodeUwAffyExonArrayNhdfneoSimpleSignalRep2",,"broadPeak","SimpleSignal","wgEncodeUwAffyExonArrayNhdfneoSimpleSignalRep2.broadPeak.gz","wgEncodeUwAffyExonArrayNhdfneoSimpleSignalRep2.broadPeak","http://hgdownload.cse.ucsc.edu/goldenPath/hg19/encodeDCC/wgEncodeUwAffyExonArray/wgEncodeUwAffyExonArrayNhdfneoSimpleSignalRep2.broadPeak.gz"
"NHEK","wgEncodeUwAffyExonArray","AffyExonArray","ENCODE Jan 2011 Freeze",#2010-08-19#,#2009-09-21#,#2010-06-21#,"wgEncodeEH000372","GSM472937","Stam","UW",,"f0ea38b49f7dc4f55c3a209ae0c5a2d5",,"hg18","wgEncode",1,"21M",2110,,"wgEncodeUwAffyExonArrayNhekSimpleSignalRep1",,"broadPeak","SimpleSignal","wgEncodeUwAffyExonArrayNhekSimpleSignalRep1.broadPeak.gz","wgEncodeUwAffyExonArrayNhekSimpleSignalRep1.broadPeak","http://hgdownload.cse.ucsc.edu/goldenPath/hg19/encodeDCC/wgEncodeUwAffyExonArray/wgEncodeUwAffyExonArrayNhekSimpleSignalRep1.broadPeak.gz"
"NHLF","wgEncodeUwAffyExonArray","AffyExonArray","ENCODE Jan 2011 Freeze",#2010-08-19#,#2010-01-10#,#2010-10-10#,"wgEncodeEH000391","GSM510577","Stam","UW",,"7ba28714083146d88049d6a5cf84200d",,"hg18","wgEncode",1,"22M",2110,,"wgEncodeUwAffyExonArrayNhlfSimpleSignalRep1",,"broadPeak","SimpleSignal","wgEncodeUwAffyExonArrayNhlfSimpleSignalRep1.broadPeak.gz","wgEncodeUwAffyExonArrayNhlfSimpleSignalRep1.broadPeak","http://hgdownload.cse.ucsc.edu/goldenPath/hg19/encodeDCC/wgEncodeUwAffyExonArray/wgEncodeUwAffyExonArrayNhlfSimpleSignalRep1.broadPeak.gz"
"NHLF","wgEncodeUwAffyExonArray","AffyExonArray","ENCODE Jan 2011 Freeze",#2010-08-19#,#2010-01-10#,#2010-10-10#,"wgEncodeEH000391","GSM510579","Stam","UW",,"c49aca1c20279db623b1ce96d6dba6b4",,"hg18","wgEncode",2,"22M",2110,,"wgEncodeUwAffyExonArrayNhlfSimpleSignalRep2",,"broadPeak","SimpleSignal","wgEncodeUwAffyExonArrayNhlfSimpleSignalRep2.broadPeak.gz","wgEncodeUwAffyExonArrayNhlfSimpleSignalRep2.broadPeak","http://hgdownload.cse.ucsc.edu/goldenPath/hg19/encodeDCC/wgEncodeUwAffyExonArray/wgEncodeUwAffyExonArrayNhlfSimpleSignalRep2.broadPeak.gz"
"NT2-D1","wgEncodeUwAffyExonArray","AffyExonArray","ENCODE Mar 2012 Freeze",,#2011-10-24#,#2012-07-24#,"wgEncodeEH002160","GSM824855","Stam","UW","RS19005","1faf48c69c2c652f98a9fcae072d993e",,,"wgEncode",1,"22M",5011,,"wgEncodeUwAffyExonArrayNt2d1SimpleSignalRep1",,"broadPeak","SimpleSignal","wgEncodeUwAffyExonArrayNt2d1SimpleSignalRep1.broadPeak.gz","wgEncodeUwAffyExonArrayNt2d1SimpleSignalRep1.broadPeak","http://hgdownload.cse.ucsc.edu/goldenPath/hg19/encodeDCC/wgEncodeUwAffyExonArray/wgEncodeUwAffyExonArrayNt2d1SimpleSignalRep1.broadPeak.gz"
"NT2-D1","wgEncodeUwAffyExonArray","AffyExonArray","ENCODE Mar 2012 Freeze",,#2011-10-24#,#2012-07-24#,"wgEncodeEH002160","GSM824856","Stam","UW","RS19006","11cfb100f4c11b765818fa6edf04c040",,,"wgEncode",2,"22M",5011,,"wgEncodeUwAffyExonArrayNt2d1SimpleSignalRep2",,"broadPeak","SimpleSignal","wgEncodeUwAffyExonArrayNt2d1SimpleSignalRep2.broadPeak.gz","wgEncodeUwAffyExonArrayNt2d1SimpleSignalRep2.broadPeak","http://hgdownload.cse.ucsc.edu/goldenPath/hg19/encodeDCC/wgEncodeUwAffyExonArray/wgEncodeUwAffyExonArrayNt2d1SimpleSignalRep2.broadPeak.gz"
"PANC-1","wgEncodeUwAffyExonArray","AffyExonArray","ENCODE Jan 2011 Freeze",#2010-08-19#,#2009-09-21#,#2010-06-21#,"wgEncodeEH000373","GSM472939","Stam","UW",,"623f30f29ef6c1c51ae638fa2eec704d",,"hg18","wgEncode",1,"21M",2110,,"wgEncodeUwAffyExonArrayPanc1SimpleSignalRep1",,"broadPeak","SimpleSignal","wgEncodeUwAffyExonArrayPanc1SimpleSignalRep1.broadPeak.gz","wgEncodeUwAffyExonArrayPanc1SimpleSignalRep1.broadPeak","http://hgdownload.cse.ucsc.edu/goldenPath/hg19/encodeDCC/wgEncodeUwAffyExonArray/wgEncodeUwAffyExonArrayPanc1SimpleSignalRep1.broadPeak.gz"
"PANC-1","wgEncodeUwAffyExonArray","AffyExonArray","ENCODE Jan 2011 Freeze",#2010-08-19#,#2009-09-21#,#2010-06-21#,"wgEncodeEH000373","GSM472938","Stam","UW",,"0fb0efe201f551ea9a1f4e16355d5420",,"hg18","wgEncode",2,"21M",2110,,"wgEncodeUwAffyExonArrayPanc1SimpleSignalRep2",,"broadPeak","SimpleSignal","wgEncodeUwAffyExonArrayPanc1SimpleSignalRep2.broadPeak.gz","wgEncodeUwAffyExonArrayPanc1SimpleSignalRep2.broadPeak","http://hgdownload.cse.ucsc.edu/goldenPath/hg19/encodeDCC/wgEncodeUwAffyExonArray/wgEncodeUwAffyExonArrayPanc1SimpleSignalRep2.broadPeak.gz"
"PrEC","wgEncodeUwAffyExonArray","AffyExonArray","ENCODE Mar 2012 Freeze",,#2011-10-24#,#2012-07-24#,"wgEncodeEH002161","GSM824857","Stam","UW","RS19007","9b00bf9212fc8a71a67f3946075ed220",,,"wgEncode",1,"22M",5011,,"wgEncodeUwAffyExonArrayPrecSimpleSignalRep1",,"broadPeak","SimpleSignal","wgEncodeUwAffyExonArrayPrecSimpleSignalRep1.broadPeak.gz","wgEncodeUwAffyExonArrayPrecSimpleSignalRep1.broadPeak","http://hgdownload.cse.ucsc.edu/goldenPath/hg19/encodeDCC/wgEncodeUwAffyExonArray/wgEncodeUwAffyExonArrayPrecSimpleSignalRep1.broadPeak.gz"
"PrEC","wgEncodeUwAffyExonArray","AffyExonArray","ENCODE Mar 2012 Freeze",,#2011-10-24#,#2012-07-24#,"wgEncodeEH002161","GSM824858","Stam","UW","RS19008","cb229a705f9c0bc06ff3165af324b4f2",,,"wgEncode",2,"22M",5011,,"wgEncodeUwAffyExonArrayPrecSimpleSignalRep2",,"broadPeak","SimpleSignal","wgEncodeUwAffyExonArrayPrecSimpleSignalRep2.broadPeak.gz","wgEncodeUwAffyExonArrayPrecSimpleSignalRep2.broadPeak","http://hgdownload.cse.ucsc.edu/goldenPath/hg19/encodeDCC/wgEncodeUwAffyExonArray/wgEncodeUwAffyExonArrayPrecSimpleSignalRep2.broadPeak.gz"
"RPTEC","wgEncodeUwAffyExonArray","AffyExonArray","ENCODE Jan 2011 Freeze",,#2011-01-11#,#2011-10-10#,"wgEncodeEH000828","GSM651565","Stam","UW",,"3ffb983dc0305184eb2d82f168bb1235",,,"wgEncode",1,"21M",3216,,"wgEncodeUwAffyExonArrayRptecSimpleSignalRep1",,"broadPeak","SimpleSignal","wgEncodeUwAffyExonArrayRptecSimpleSignalRep1.broadPeak.gz","wgEncodeUwAffyExonArrayRptecSimpleSignalRep1.broadPeak","http://hgdownload.cse.ucsc.edu/goldenPath/hg19/encodeDCC/wgEncodeUwAffyExonArray/wgEncodeUwAffyExonArrayRptecSimpleSignalRep1.broadPeak.gz"
"RPTEC","wgEncodeUwAffyExonArray","AffyExonArray","ENCODE Jan 2011 Freeze",,#2011-01-11#,#2011-10-10#,"wgEncodeEH000828","GSM651566","Stam","UW",,"18ec74217b2c455157b6b7b97cff9a7b",,,"wgEncode",2,"21M",3216,,"wgEncodeUwAffyExonArrayRptecSimpleSignalRep2",,"broadPeak","SimpleSignal","wgEncodeUwAffyExonArrayRptecSimpleSignalRep2.broadPeak.gz","wgEncodeUwAffyExonArrayRptecSimpleSignalRep2.broadPeak","http://hgdownload.cse.ucsc.edu/goldenPath/hg19/encodeDCC/wgEncodeUwAffyExonArray/wgEncodeUwAffyExonArrayRptecSimpleSignalRep2.broadPeak.gz"
"SAEC","wgEncodeUwAffyExonArray","AffyExonArray","ENCODE Jan 2011 Freeze",#2010-08-19#,#2009-09-21#,#2010-06-21#,"wgEncodeEH000374","GSM472923","Stam","UW",,"d89736f6dd535e6527b931e0323b4b56",,"hg18","wgEncode",1,"21M",2110,,"wgEncodeUwAffyExonArraySaecSimpleSignalRep1",,"broadPeak","SimpleSignal","wgEncodeUwAffyExonArraySaecSimpleSignalRep1.broadPeak.gz","wgEncodeUwAffyExonArraySaecSimpleSignalRep1.broadPeak","http://hgdownload.cse.ucsc.edu/goldenPath/hg19/encodeDCC/wgEncodeUwAffyExonArray/wgEncodeUwAffyExonArraySaecSimpleSignalRep1.broadPeak.gz"
"SAEC","wgEncodeUwAffyExonArray","AffyExonArray","ENCODE Jan 2011 Freeze",#2010-08-19#,#2009-09-21#,#2010-06-21#,"wgEncodeEH000374","GSM472922","Stam","UW",,"e399feb8617fc77f4f303073ca6e6179",,"hg18","wgEncode",2,"22M",2110,,"wgEncodeUwAffyExonArraySaecSimpleSignalRep2",,"broadPeak","SimpleSignal","wgEncodeUwAffyExonArraySaecSimpleSignalRep2.broadPeak.gz","wgEncodeUwAffyExonArraySaecSimpleSignalRep2.broadPeak","http://hgdownload.cse.ucsc.edu/goldenPath/hg19/encodeDCC/wgEncodeUwAffyExonArray/wgEncodeUwAffyExonArraySaecSimpleSignalRep2.broadPeak.gz"
"SKMC","wgEncodeUwAffyExonArray","AffyExonArray","ENCODE Jan 2011 Freeze",#2010-08-19#,#2009-07-02#,#2010-04-02#,"wgEncodeEH000363","GSM510509","Stam","UW",,"8536b93a5a66a547633f352ef2e463f8",,"hg18","wgEncode",1,"21M",2110,,"wgEncodeUwAffyExonArraySkmcSimpleSignalRep1",,"broadPeak","SimpleSignal","wgEncodeUwAffyExonArraySkmcSimpleSignalRep1.broadPeak.gz","wgEncodeUwAffyExonArraySkmcSimpleSignalRep1.broadPeak","http://hgdownload.cse.ucsc.edu/goldenPath/hg19/encodeDCC/wgEncodeUwAffyExonArray/wgEncodeUwAffyExonArraySkmcSimpleSignalRep1.broadPeak.gz"
"SKMC","wgEncodeUwAffyExonArray","AffyExonArray","ENCODE Jan 2011 Freeze",#2010-08-19#,#2010-01-10#,#2010-10-10#,"wgEncodeEH000363","GSM472911","Stam","UW",,"e26a5dbcd92a79ae81b3fbe246ec2243",,"hg18","wgEncode",2,"22M",2110,,"wgEncodeUwAffyExonArraySkmcSimpleSignalRep2",,"broadPeak","SimpleSignal","wgEncodeUwAffyExonArraySkmcSimpleSignalRep2.broadPeak.gz","wgEncodeUwAffyExonArraySkmcSimpleSignalRep2.broadPeak","http://hgdownload.cse.ucsc.edu/goldenPath/hg19/encodeDCC/wgEncodeUwAffyExonArray/wgEncodeUwAffyExonArraySkmcSimpleSignalRep2.broadPeak.gz"
"SK-N-MC","wgEncodeUwAffyExonArray","AffyExonArray","ENCODE Mar 2012 Freeze",,#2011-10-24#,#2012-07-24#,"wgEncodeEH002162","GSM824868","Stam","UW","RS17573","fdd01a9ed2778896becf731e70b9dc60",,,"wgEncode",1,"21M",5011,,"wgEncodeUwAffyExonArraySknmcSimpleSignalRep1",,"broadPeak","SimpleSignal","wgEncodeUwAffyExonArraySknmcSimpleSignalRep1.broadPeak.gz","wgEncodeUwAffyExonArraySknmcSimpleSignalRep1.broadPeak","http://hgdownload.cse.ucsc.edu/goldenPath/hg19/encodeDCC/wgEncodeUwAffyExonArray/wgEncodeUwAffyExonArraySknmcSimpleSignalRep1.broadPeak.gz"
"SK-N-MC","wgEncodeUwAffyExonArray","AffyExonArray","ENCODE Mar 2012 Freeze",,#2011-10-24#,#2012-07-24#,"wgEncodeEH002162","GSM824869","Stam","UW","RS17574","fa6aa0baf27c28fdc131ff7ec5dc624f",,,"wgEncode",2,"22M",5011,,"wgEncodeUwAffyExonArraySknmcSimpleSignalRep2",,"broadPeak","SimpleSignal","wgEncodeUwAffyExonArraySknmcSimpleSignalRep2.broadPeak.gz","wgEncodeUwAffyExonArraySknmcSimpleSignalRep2.broadPeak","http://hgdownload.cse.ucsc.edu/goldenPath/hg19/encodeDCC/wgEncodeUwAffyExonArray/wgEncodeUwAffyExonArraySknmcSimpleSignalRep2.broadPeak.gz"
"SK-N-SH_RA","wgEncodeUwAffyExonArray","AffyExonArray","ENCODE Jan 2011 Freeze",#2010-08-19#,#2009-07-02#,#2010-04-02#,"wgEncodeEH000358","GSM472913","Stam","UW",,"13d13c630ea2002649342cfb0b8bd90f",,"hg18","wgEncode",1,"22M",2110,,"wgEncodeUwAffyExonArraySknshraSimpleSignalRep1",,"broadPeak","SimpleSignal","wgEncodeUwAffyExonArraySknshraSimpleSignalRep1.broadPeak.gz","wgEncodeUwAffyExonArraySknshraSimpleSignalRep1.broadPeak","http://hgdownload.cse.ucsc.edu/goldenPath/hg19/encodeDCC/wgEncodeUwAffyExonArray/wgEncodeUwAffyExonArraySknshraSimpleSignalRep1.broadPeak.gz"
"SK-N-SH_RA","wgEncodeUwAffyExonArray","AffyExonArray","ENCODE Jan 2011 Freeze",#2010-08-19#,#2009-06-29#,#2010-03-29#,"wgEncodeEH000358","GSM472912","Stam","UW",,"47d51163ccb7bcb0222a4309586d8572",,"hg18","wgEncode",2,"21M",2110,,"wgEncodeUwAffyExonArraySknshraSimpleSignalRep2",,"broadPeak","SimpleSignal","wgEncodeUwAffyExonArraySknshraSimpleSignalRep2.broadPeak.gz","wgEncodeUwAffyExonArraySknshraSimpleSignalRep2.broadPeak","http://hgdownload.cse.ucsc.edu/goldenPath/hg19/encodeDCC/wgEncodeUwAffyExonArray/wgEncodeUwAffyExonArraySknshraSimpleSignalRep2.broadPeak.gz"
"Th1","wgEncodeUwAffyExonArray","AffyExonArray","ENCODE Jan 2011 Freeze",#2010-08-19#,#2009-07-02#,#2010-04-02#,"wgEncodeEH000364","GSM472914","Stam","UW",,"b44365a12cc87e527757886b3b583b50",,"hg18","wgEncode",1,"21M",2110,,"wgEncodeUwAffyExonArrayTh1SimpleSignalRep1",,"broadPeak","SimpleSignal","wgEncodeUwAffyExonArrayTh1SimpleSignalRep1.broadPeak.gz","wgEncodeUwAffyExonArrayTh1SimpleSignalRep1.broadPeak","http://hgdownload.cse.ucsc.edu/goldenPath/hg19/encodeDCC/wgEncodeUwAffyExonArray/wgEncodeUwAffyExonArrayTh1SimpleSignalRep1.broadPeak.gz"
"WERI-Rb-1","wgEncodeUwAffyExonArray","AffyExonArray","ENCODE Mar 2012 Freeze",,#2011-10-24#,#2012-07-24#,"wgEncodeEH002163","GSM824870","Stam","UW","RS17575","be41e427c0e5289c2c98645860ba5733",,,"wgEncode",1,"22M",5011,,"wgEncodeUwAffyExonArrayWerirb1SimpleSignalRep1",,"broadPeak","SimpleSignal","wgEncodeUwAffyExonArrayWerirb1SimpleSignalRep1.broadPeak.gz","wgEncodeUwAffyExonArrayWerirb1SimpleSignalRep1.broadPeak","http://hgdownload.cse.ucsc.edu/goldenPath/hg19/encodeDCC/wgEncodeUwAffyExonArray/wgEncodeUwAffyExonArrayWerirb1SimpleSignalRep1.broadPeak.gz"
"WI-38","wgEncodeUwAffyExonArray","AffyExonArray","ENCODE Jan 2011 Freeze",,#2011-01-11#,#2011-10-10#,"wgEncodeEH000830","GSM651582","Stam","UW",,"92c4d9af69102101b2e67c5dc4d4188b",,,"wgEncode",1,"22M",3216,,"wgEncodeUwAffyExonArrayWi38OhtamSimpleSignalRep1","4OHTAM_20nM_72hr","broadPeak","SimpleSignal","wgEncodeUwAffyExonArrayWi38OhtamSimpleSignalRep1.broadPeak.gz","wgEncodeUwAffyExonArrayWi38OhtamSimpleSignalRep1.broadPeak","http://hgdownload.cse.ucsc.edu/goldenPath/hg19/encodeDCC/wgEncodeUwAffyExonArray/wgEncodeUwAffyExonArrayWi38OhtamSimpleSignalRep1.broadPeak.gz"
"WI-38","wgEncodeUwAffyExonArray","AffyExonArray","ENCODE Jan 2011 Freeze",,#2011-01-11#,#2011-10-10#,"wgEncodeEH000830","GSM651583","Stam","UW",,"f361ca9645fa5574788eb8033e274dc4",,,"wgEncode",2,"22M",3216,,"wgEncodeUwAffyExonArrayWi38OhtamSimpleSignalRep2","4OHTAM_20nM_72hr","broadPeak","SimpleSignal","wgEncodeUwAffyExonArrayWi38OhtamSimpleSignalRep2.broadPeak.gz","wgEncodeUwAffyExonArrayWi38OhtamSimpleSignalRep2.broadPeak","http://hgdownload.cse.ucsc.edu/goldenPath/hg19/encodeDCC/wgEncodeUwAffyExonArray/wgEncodeUwAffyExonArrayWi38OhtamSimpleSignalRep2.broadPeak.gz"
"WI-38","wgEncodeUwAffyExonArray","AffyExonArray","ENCODE Jan 2011 Freeze",,#2011-01-11#,#2011-10-10#,"wgEncodeEH000829","GSM651580","Stam","UW",,"0bd58f69567a92d5b4b175099621ce96",,,"wgEncode",1,"22M",3216,,"wgEncodeUwAffyExonArrayWi38SimpleSignalRep1",,"broadPeak","SimpleSignal","wgEncodeUwAffyExonArrayWi38SimpleSignalRep1.broadPeak.gz","wgEncodeUwAffyExonArrayWi38SimpleSignalRep1.broadPeak","http://hgdownload.cse.ucsc.edu/goldenPath/hg19/encodeDCC/wgEncodeUwAffyExonArray/wgEncodeUwAffyExonArrayWi38SimpleSignalRep1.broadPeak.gz"
"WI-38","wgEncodeUwAffyExonArray","AffyExonArray","ENCODE Jan 2011 Freeze",,#2011-01-11#,#2011-10-10#,"wgEncodeEH000829","GSM651581","Stam","UW",,"bdf0ff688df7f7770fc72510c7fc6682",,,"wgEncode",2,"22M",3216,,"wgEncodeUwAffyExonArrayWi38SimpleSignalRep2",,"broadPeak","SimpleSignal","wgEncodeUwAffyExonArrayWi38SimpleSignalRep2.broadPeak.gz","wgEncodeUwAffyExonArrayWi38SimpleSignalRep2.broadPeak","http://hgdownload.cse.ucsc.edu/goldenPath/hg19/encodeDCC/wgEncodeUwAffyExonArray/wgEncodeUwAffyExonArrayWi38SimpleSignalRep2.broadPeak.gz"
