"bio_rep","cell","composite","data_type","data_version","date_resubmitted","date_submitted","date_unrestricted","dcc_accession","donor_id","geo_sample_accession","grant","lab","lab_exp_id","lab_version","localization","md5sum","obj_status","orig_assembly","project","read_type","replicate","rna_extract","seq_platform","size","sub_id","submitted_data_version","table_name","type","view","filename","fname","url"
"087WC","A549","wgEncodeGisRnaPet","RnaPet","ENCODE Mar 2012 Freeze",,#2012-03-27#,#2012-12-27#,"wgEncodeEH002929",,"GSM1006902","Gingeras","GIS","RHA009","clone-free","cell","4cc175aa25b9f9bc6214e91599610b04",,,"wgEncode","2x36",3,"longPolyA","Illumina_HiSeq_2000","25M",6412,,"wgEncodeGisRnaPetA549CellPapMinusRawRep3","bigWig","MinusRawSignal","wgEncodeGisRnaPetA549CellPapMinusRawRep3.bigWig","wgEncodeGisRnaPetA549CellPapMinusRawRep3.bigWig","http://hgdownload.cse.ucsc.edu/goldenPath/hg19/encodeDCC/wgEncodeGisRnaPet/wgEncodeGisRnaPetA549CellPapMinusRawRep3.bigWig"
"088WC","A549","wgEncodeGisRnaPet","RnaPet","ENCODE Mar 2012 Freeze",,#2012-03-27#,#2012-12-27#,"wgEncodeEH002929",,"GSM1006902","Gingeras","GIS","RHA010","clone-free","cell","0dc46f2227d8b2e0cefc3794f21a76bf",,,"wgEncode","2x36",4,"longPolyA","Illumina_HiSeq_2000","21M",6414,,"wgEncodeGisRnaPetA549CellPapMinusRawRep4","bigWig","MinusRawSignal","wgEncodeGisRnaPetA549CellPapMinusRawRep4.bigWig","wgEncodeGisRnaPetA549CellPapMinusRawRep4.bigWig","http://hgdownload.cse.ucsc.edu/goldenPath/hg19/encodeDCC/wgEncodeGisRnaPet/wgEncodeGisRnaPetA549CellPapMinusRawRep4.bigWig"
"087WC","A549","wgEncodeGisRnaPet","RnaPet","ENCODE Mar 2012 Freeze",,#2012-03-27#,#2012-12-27#,"wgEncodeEH002929",,"GSM1006902","Gingeras","GIS","RHA009","clone-free","cell","57630f684575ffaaba6e549a299077c8",,,"wgEncode","2x36",3,"longPolyA","Illumina_HiSeq_2000","25M",6412,,"wgEncodeGisRnaPetA549CellPapPlusRawRep3","bigWig","PlusRawSignal","wgEncodeGisRnaPetA549CellPapPlusRawRep3.bigWig","wgEncodeGisRnaPetA549CellPapPlusRawRep3.bigWig","http://hgdownload.cse.ucsc.edu/goldenPath/hg19/encodeDCC/wgEncodeGisRnaPet/wgEncodeGisRnaPetA549CellPapPlusRawRep3.bigWig"
"088WC","A549","wgEncodeGisRnaPet","RnaPet","ENCODE Mar 2012 Freeze",,#2012-03-27#,#2012-12-27#,"wgEncodeEH002929",,"GSM1006902","Gingeras","GIS","RHA010","clone-free","cell","c309d71f61b496b4907c485e10b2443c",,,"wgEncode","2x36",4,"longPolyA","Illumina_HiSeq_2000","21M",6414,,"wgEncodeGisRnaPetA549CellPapPlusRawRep4","bigWig","PlusRawSignal","wgEncodeGisRnaPetA549CellPapPlusRawRep4.bigWig","wgEncodeGisRnaPetA549CellPapPlusRawRep4.bigWig","http://hgdownload.cse.ucsc.edu/goldenPath/hg19/encodeDCC/wgEncodeGisRnaPet/wgEncodeGisRnaPetA549CellPapPlusRawRep4.bigWig"
"087C","A549","wgEncodeGisRnaPet","RnaPet","ENCODE Mar 2012 Freeze",,#2012-03-27#,#2012-12-27#,"wgEncodeEH002927",,"GSM1006909","Gingeras","GIS","RHA011","clone-free","cytosol","cde3550b00463fe64a5a382fea9857cb",,,"wgEncode","2x36",3,"longPolyA","Illumina_HiSeq_2000","21M",6409,,"wgEncodeGisRnaPetA549CytosolPapMinusRawRep3","bigWig","MinusRawSignal","wgEncodeGisRnaPetA549CytosolPapMinusRawRep3.bigWig","wgEncodeGisRnaPetA549CytosolPapMinusRawRep3.bigWig","http://hgdownload.cse.ucsc.edu/goldenPath/hg19/encodeDCC/wgEncodeGisRnaPet/wgEncodeGisRnaPetA549CytosolPapMinusRawRep3.bigWig"
"088C","A549","wgEncodeGisRnaPet","RnaPet","ENCODE Mar 2012 Freeze",,#2012-03-27#,#2012-12-27#,"wgEncodeEH002927",,"GSM1006909","Gingeras","GIS","RHA012","clone-free","cytosol","3016b0fbd14d7dc4a565f98ffc7e5dbc",,,"wgEncode","2x36",4,"longPolyA","Illumina_HiSeq_2000","24M",6404,,"wgEncodeGisRnaPetA549CytosolPapMinusRawRep4","bigWig","MinusRawSignal","wgEncodeGisRnaPetA549CytosolPapMinusRawRep4.bigWig","wgEncodeGisRnaPetA549CytosolPapMinusRawRep4.bigWig","http://hgdownload.cse.ucsc.edu/goldenPath/hg19/encodeDCC/wgEncodeGisRnaPet/wgEncodeGisRnaPetA549CytosolPapMinusRawRep4.bigWig"
"087C","A549","wgEncodeGisRnaPet","RnaPet","ENCODE Mar 2012 Freeze",,#2012-03-27#,#2012-12-27#,"wgEncodeEH002927",,"GSM1006909","Gingeras","GIS","RHA011","clone-free","cytosol","29a7cde0305d472d06dbb201b6b0f1b1",,,"wgEncode","2x36",3,"longPolyA","Illumina_HiSeq_2000","21M",6409,,"wgEncodeGisRnaPetA549CytosolPapPlusRawRep3","bigWig","PlusRawSignal","wgEncodeGisRnaPetA549CytosolPapPlusRawRep3.bigWig","wgEncodeGisRnaPetA549CytosolPapPlusRawRep3.bigWig","http://hgdownload.cse.ucsc.edu/goldenPath/hg19/encodeDCC/wgEncodeGisRnaPet/wgEncodeGisRnaPetA549CytosolPapPlusRawRep3.bigWig"
"088C","A549","wgEncodeGisRnaPet","RnaPet","ENCODE Mar 2012 Freeze",,#2012-03-27#,#2012-12-27#,"wgEncodeEH002927",,"GSM1006909","Gingeras","GIS","RHA012","clone-free","cytosol","2f8059b8fb75b33d0f3c33cec605bf5b",,,"wgEncode","2x36",4,"longPolyA","Illumina_HiSeq_2000","24M",6404,,"wgEncodeGisRnaPetA549CytosolPapPlusRawRep4","bigWig","PlusRawSignal","wgEncodeGisRnaPetA549CytosolPapPlusRawRep4.bigWig","wgEncodeGisRnaPetA549CytosolPapPlusRawRep4.bigWig","http://hgdownload.cse.ucsc.edu/goldenPath/hg19/encodeDCC/wgEncodeGisRnaPet/wgEncodeGisRnaPetA549CytosolPapPlusRawRep4.bigWig"
"087N","A549","wgEncodeGisRnaPet","RnaPet","ENCODE Mar 2012 Freeze",,#2012-03-27#,#2012-12-27#,"wgEncodeEH002928",,"GSM1006903","Gingeras","GIS","RHA013","clone-free","nucleus","22513fce1cbd14131a70526fb037bc6a",,,"wgEncode","2x36",3,"longPolyA","Illumina_HiSeq_2000","20M",6405,,"wgEncodeGisRnaPetA549NucleusPapMinusRawRep3","bigWig","MinusRawSignal","wgEncodeGisRnaPetA549NucleusPapMinusRawRep3.bigWig","wgEncodeGisRnaPetA549NucleusPapMinusRawRep3.bigWig","http://hgdownload.cse.ucsc.edu/goldenPath/hg19/encodeDCC/wgEncodeGisRnaPet/wgEncodeGisRnaPetA549NucleusPapMinusRawRep3.bigWig"
"088N","A549","wgEncodeGisRnaPet","RnaPet","ENCODE Mar 2012 Freeze",,#2012-03-27#,#2012-12-27#,"wgEncodeEH002928",,"GSM1006903","Gingeras","GIS","RHA014","clone-free","nucleus","570c86a891c89eb744e8f0bae13461f4",,,"wgEncode","2x36",4,"longPolyA","Illumina_HiSeq_2000","22M",6408,,"wgEncodeGisRnaPetA549NucleusPapMinusRawRep4","bigWig","MinusRawSignal","wgEncodeGisRnaPetA549NucleusPapMinusRawRep4.bigWig","wgEncodeGisRnaPetA549NucleusPapMinusRawRep4.bigWig","http://hgdownload.cse.ucsc.edu/goldenPath/hg19/encodeDCC/wgEncodeGisRnaPet/wgEncodeGisRnaPetA549NucleusPapMinusRawRep4.bigWig"
"087N","A549","wgEncodeGisRnaPet","RnaPet","ENCODE Mar 2012 Freeze",,#2012-03-27#,#2012-12-27#,"wgEncodeEH002928",,"GSM1006903","Gingeras","GIS","RHA013","clone-free","nucleus","2266fed91fa7e54459bb5cdd44024233",,,"wgEncode","2x36",3,"longPolyA","Illumina_HiSeq_2000","20M",6405,,"wgEncodeGisRnaPetA549NucleusPapPlusRawRep3","bigWig","PlusRawSignal","wgEncodeGisRnaPetA549NucleusPapPlusRawRep3.bigWig","wgEncodeGisRnaPetA549NucleusPapPlusRawRep3.bigWig","http://hgdownload.cse.ucsc.edu/goldenPath/hg19/encodeDCC/wgEncodeGisRnaPet/wgEncodeGisRnaPetA549NucleusPapPlusRawRep3.bigWig"
"088N","A549","wgEncodeGisRnaPet","RnaPet","ENCODE Mar 2012 Freeze",,#2012-03-27#,#2012-12-27#,"wgEncodeEH002928",,"GSM1006903","Gingeras","GIS","RHA014","clone-free","nucleus","44e45648287353e37b422347ec74e970",,,"wgEncode","2x36",4,"longPolyA","Illumina_HiSeq_2000","22M",6408,,"wgEncodeGisRnaPetA549NucleusPapPlusRawRep4","bigWig","PlusRawSignal","wgEncodeGisRnaPetA549NucleusPapPlusRawRep4.bigWig","wgEncodeGisRnaPetA549NucleusPapPlusRawRep4.bigWig","http://hgdownload.cse.ucsc.edu/goldenPath/hg19/encodeDCC/wgEncodeGisRnaPet/wgEncodeGisRnaPetA549NucleusPapPlusRawRep4.bigWig"
"gen0107C","GM12878","wgEncodeGisRnaPet","RnaPet","ENCODE Mar 2012 Freeze",#2010-07-22#,#2011-11-09#,#2012-08-09#,"wgEncodeEH000248",,"GSM830535","Gingeras","GIS","IHG024","clone-free","cytosol","2e602986507fa4a74730a2c85346b9cc",,"hg18","wgEncode","2x36",1,"longPolyA","Illumina_GA2","14M",5098,"V2 - Improved Sequencing","wgEncodeGisRnaPetGm12878CytosolPapMinusRawRep1V2","bigWig","MinusRawSignal","wgEncodeGisRnaPetGm12878CytosolPapMinusRawRep1V2.bigWig","wgEncodeGisRnaPetGm12878CytosolPapMinusRawRep1V2.bigWig","http://hgdownload.cse.ucsc.edu/goldenPath/hg19/encodeDCC/wgEncodeGisRnaPet/wgEncodeGisRnaPetGm12878CytosolPapMinusRawRep1V2.bigWig"
"gen0107C","GM12878","wgEncodeGisRnaPet","RnaPet","ENCODE Mar 2012 Freeze",#2010-08-13#,#2009-11-13#,#2010-08-13#,"wgEncodeEH000248",,,"Gingeras","GIS","IHG024","clone-free","cytosol","f89ce7a4a60a27d2b406f8ab40b6e798","replaced by a Rep1V2 object","hg18","wgEncode","2x36",1,"longPolyA","Illumina_GA2x","6.8M",4022,,"wgEncodeGisRnaPetGm12878CytosolPapMinusRawSigFree","bigWig","MinusRawSignal","wgEncodeGisRnaPetGm12878CytosolPapMinusRawSigFree.bigWig","wgEncodeGisRnaPetGm12878CytosolPapMinusRawSigFree.bigWig","http://hgdownload.cse.ucsc.edu/goldenPath/hg19/encodeDCC/wgEncodeGisRnaPet/wgEncodeGisRnaPetGm12878CytosolPapMinusRawSigFree.bigWig"
"gen0105C","GM12878","wgEncodeGisRnaPet","RnaPet","ENCODE Jan 2011 Freeze",#2010-07-22#,#2009-11-13#,#2010-08-13#,"wgEncodeEH000248",,,"Gingeras","GIS","DHG001","clone-based","cytosol","d11593267f573d8b2ef5879719005872",,"hg18","wgEncode","2x36",1,"longPolyA","Illumina_GA2","58M",1979,,"wgEncodeGisRnaPetGm12878CytosolPapMinusRawSigRep1","bigWig","MinusRawSignal","wgEncodeGisRnaPetGm12878CytosolPapMinusRawSigRep1.bigWig","wgEncodeGisRnaPetGm12878CytosolPapMinusRawSigRep1.bigWig","http://hgdownload.cse.ucsc.edu/goldenPath/hg19/encodeDCC/wgEncodeGisRnaPet/wgEncodeGisRnaPetGm12878CytosolPapMinusRawSigRep1.bigWig"
"gen0107C","GM12878","wgEncodeGisRnaPet","RnaPet","ENCODE Mar 2012 Freeze",#2010-07-22#,#2011-11-09#,#2012-08-09#,"wgEncodeEH000248",,"GSM830535","Gingeras","GIS","IHG024","clone-free","cytosol","39a6558646cee0174798cf41003ac477",,"hg18","wgEncode","2x36",1,"longPolyA","Illumina_GA2","14M",5098,"V2 - Improved Sequencing","wgEncodeGisRnaPetGm12878CytosolPapPlusRawRep1V2","bigWig","PlusRawSignal","wgEncodeGisRnaPetGm12878CytosolPapPlusRawRep1V2.bigWig","wgEncodeGisRnaPetGm12878CytosolPapPlusRawRep1V2.bigWig","http://hgdownload.cse.ucsc.edu/goldenPath/hg19/encodeDCC/wgEncodeGisRnaPet/wgEncodeGisRnaPetGm12878CytosolPapPlusRawRep1V2.bigWig"
"gen0107C","GM12878","wgEncodeGisRnaPet","RnaPet","ENCODE Mar 2012 Freeze",#2010-08-13#,#2009-11-13#,#2010-08-13#,"wgEncodeEH000248",,,"Gingeras","GIS","IHG024","clone-free","cytosol","8abeabbf4976dd5318d80d62f15b87ae","replaced by a Rep1V2 object","hg18","wgEncode","2x36",1,"longPolyA","Illumina_GA2x","7.0M",4022,,"wgEncodeGisRnaPetGm12878CytosolPapPlusRawSigFree","bigWig","PlusRawSignal","wgEncodeGisRnaPetGm12878CytosolPapPlusRawSigFree.bigWig","wgEncodeGisRnaPetGm12878CytosolPapPlusRawSigFree.bigWig","http://hgdownload.cse.ucsc.edu/goldenPath/hg19/encodeDCC/wgEncodeGisRnaPet/wgEncodeGisRnaPetGm12878CytosolPapPlusRawSigFree.bigWig"
"gen0105C","GM12878","wgEncodeGisRnaPet","RnaPet","ENCODE Jan 2011 Freeze",#2010-07-22#,#2009-11-13#,#2010-08-13#,"wgEncodeEH000248",,,"Gingeras","GIS","DHG001","clone-based","cytosol","711a4823129f2b4fa3c470387dfc537d",,"hg18","wgEncode","2x36",1,"longPolyA","Illumina_GA2","58M",1979,,"wgEncodeGisRnaPetGm12878CytosolPapPlusRawSigRep1","bigWig","PlusRawSignal","wgEncodeGisRnaPetGm12878CytosolPapPlusRawSigRep1.bigWig","wgEncodeGisRnaPetGm12878CytosolPapPlusRawSigRep1.bigWig","http://hgdownload.cse.ucsc.edu/goldenPath/hg19/encodeDCC/wgEncodeGisRnaPet/wgEncodeGisRnaPetGm12878CytosolPapPlusRawSigRep1.bigWig"
"gen0111N","GM12878","wgEncodeGisRnaPet","RnaPet","ENCODE Jan 2011 Freeze",#2010-07-22#,#2009-11-13#,#2010-08-13#,"wgEncodeEH000249",,"GSM830534","Gingeras","GIS","DHG002","clone-based","nucleus","fb50bcc9b26b9ff2bfb3b67f06f0be51",,"hg18","wgEncode","2x36",1,"longPolyA","Illumina_GA2","132M",1980,,"wgEncodeGisRnaPetGm12878NucleusPapMinusRawSigRep1","bigWig","MinusRawSignal","wgEncodeGisRnaPetGm12878NucleusPapMinusRawSigRep1.bigWig","wgEncodeGisRnaPetGm12878NucleusPapMinusRawSigRep1.bigWig","http://hgdownload.cse.ucsc.edu/goldenPath/hg19/encodeDCC/wgEncodeGisRnaPet/wgEncodeGisRnaPetGm12878NucleusPapMinusRawSigRep1.bigWig"
"gen0111N","GM12878","wgEncodeGisRnaPet","RnaPet","ENCODE Jan 2011 Freeze",#2010-07-22#,#2009-11-13#,#2010-08-13#,"wgEncodeEH000249",,"GSM830534","Gingeras","GIS","DHG002","clone-based","nucleus","89e86a431bf98d5757b90fa07cfec440",,"hg18","wgEncode","2x36",1,"longPolyA","Illumina_GA2","132M",1980,,"wgEncodeGisRnaPetGm12878NucleusPapPlusRawSigRep1","bigWig","PlusRawSignal","wgEncodeGisRnaPetGm12878NucleusPapPlusRawSigRep1.bigWig","wgEncodeGisRnaPetGm12878NucleusPapPlusRawSigRep1.bigWig","http://hgdownload.cse.ucsc.edu/goldenPath/hg19/encodeDCC/wgEncodeGisRnaPet/wgEncodeGisRnaPetGm12878NucleusPapPlusRawSigRep1.bigWig"
"gen0114WC","H1-hESC","wgEncodeGisRnaPet","RnaPet","ENCODE Mar 2012 Freeze",#2011-05-05#,#2009-11-13#,#2010-08-13#,"wgEncodeEH000250",,"GSM830532","Gingeras","GIS","IHE001","clone-free","cell","d91f35ed4314f2eeaae866531726c34f",,"hg18","wgEncode","2x36",1,"longPolyA","Illumina_GA2x","8.5M",4032,,"wgEncodeGisRnaPetH1hescCellPapMinusRawRep1","bigWig","MinusRawSignal","wgEncodeGisRnaPetH1hescCellPapMinusRawRep1.bigWig","wgEncodeGisRnaPetH1hescCellPapMinusRawRep1.bigWig","http://hgdownload.cse.ucsc.edu/goldenPath/hg19/encodeDCC/wgEncodeGisRnaPet/wgEncodeGisRnaPetH1hescCellPapMinusRawRep1.bigWig"
"gen0114WC","H1-hESC","wgEncodeGisRnaPet","RnaPet","ENCODE Mar 2012 Freeze",#2011-05-05#,#2009-11-13#,#2010-08-13#,"wgEncodeEH000250",,"GSM830532","Gingeras","GIS","IHE001","clone-free","cell","ca0c00c6c7ee77c2d4eb69dbb6ae58ae",,"hg18","wgEncode","2x36",1,"longPolyA","Illumina_GA2x","8.5M",4032,,"wgEncodeGisRnaPetH1hescCellPapPlusRawRep1","bigWig","PlusRawSignal","wgEncodeGisRnaPetH1hescCellPapPlusRawRep1.bigWig","wgEncodeGisRnaPetH1hescCellPapPlusRawRep1.bigWig","http://hgdownload.cse.ucsc.edu/goldenPath/hg19/encodeDCC/wgEncodeGisRnaPet/wgEncodeGisRnaPetH1hescCellPapPlusRawRep1.bigWig"
"011WC","HeLa-S3","wgEncodeGisRnaPet","RnaPet","ENCODE Mar 2012 Freeze",,#2011-04-29#,#2012-01-29#,"wgEncodeEH001744",,"GSM830530","Gingeras","GIS","RHH014","clone-free","cell","3e1e497e9edea480337743072e0b5a08",,,"wgEncode","2x36",1,"longPolyA","Illumina_GA2x","16M",4025,,"wgEncodeGisRnaPetHelas3CellPapMinusRawRep1","bigWig","MinusRawSignal","wgEncodeGisRnaPetHelas3CellPapMinusRawRep1.bigWig","wgEncodeGisRnaPetHelas3CellPapMinusRawRep1.bigWig","http://hgdownload.cse.ucsc.edu/goldenPath/hg19/encodeDCC/wgEncodeGisRnaPet/wgEncodeGisRnaPetHelas3CellPapMinusRawRep1.bigWig"
"012WC","HeLa-S3","wgEncodeGisRnaPet","RnaPet","ENCODE Mar 2012 Freeze",,#2011-04-29#,#2012-01-29#,"wgEncodeEH001744",,,"Gingeras","GIS","RHH015","clone-free","cell","8ab3d8fc65849e6be478ae818f4c5e68","revoked - poor quality",,"wgEncode","2x36",2,"longPolyA","Illumina_GA2x","8.7M",4029,,"wgEncodeGisRnaPetHelas3CellPapMinusRawRep2","bigWig","MinusRawSignal","wgEncodeGisRnaPetHelas3CellPapMinusRawRep2.bigWig","wgEncodeGisRnaPetHelas3CellPapMinusRawRep2.bigWig","http://hgdownload.cse.ucsc.edu/goldenPath/hg19/encodeDCC/wgEncodeGisRnaPet/wgEncodeGisRnaPetHelas3CellPapMinusRawRep2.bigWig"
"011WC","HeLa-S3","wgEncodeGisRnaPet","RnaPet","ENCODE Mar 2012 Freeze",,#2011-04-29#,#2012-01-29#,"wgEncodeEH001744",,"GSM830530","Gingeras","GIS","RHH014","clone-free","cell","18c28a22ee4e2601ab28e8d69c46e4a8",,,"wgEncode","2x36",1,"longPolyA","Illumina_GA2x","16M",4025,,"wgEncodeGisRnaPetHelas3CellPapPlusRawRep1","bigWig","PlusRawSignal","wgEncodeGisRnaPetHelas3CellPapPlusRawRep1.bigWig","wgEncodeGisRnaPetHelas3CellPapPlusRawRep1.bigWig","http://hgdownload.cse.ucsc.edu/goldenPath/hg19/encodeDCC/wgEncodeGisRnaPet/wgEncodeGisRnaPetHelas3CellPapPlusRawRep1.bigWig"
"012WC","HeLa-S3","wgEncodeGisRnaPet","RnaPet","ENCODE Mar 2012 Freeze",,#2011-04-29#,#2012-01-29#,"wgEncodeEH001744",,"GSM830530","Gingeras","GIS","RHH015","clone-free","cell","ac92109f47476f7cca2bbd65c185472b","revoked - poor quality",,"wgEncode","2x36",2,"longPolyA","Illumina_GA2x","8.7M",4029,,"wgEncodeGisRnaPetHelas3CellPapPlusRawRep2","bigWig","PlusRawSignal","wgEncodeGisRnaPetHelas3CellPapPlusRawRep2.bigWig","wgEncodeGisRnaPetHelas3CellPapPlusRawRep2.bigWig","http://hgdownload.cse.ucsc.edu/goldenPath/hg19/encodeDCC/wgEncodeGisRnaPet/wgEncodeGisRnaPetHelas3CellPapPlusRawRep2.bigWig"
"gen0122C","HeLa-S3","wgEncodeGisRnaPet","RnaPet","ENCODE Mar 2012 Freeze",#2011-05-17#,#2009-12-05#,#2010-09-05#,"wgEncodeEH000268",,"GSM830533","Gingeras","GIS","RHH002","clone-free","cytosol","03eeca2f8ae0966eafb5a875fae5e34d",,"hg18","wgEncode","2x36",1,"longPolyA","Illumina_GA2x","27M",4617,,"wgEncodeGisRnaPetHelas3CytosolPapMinusRawRep1","bigWig","MinusRawSignal","wgEncodeGisRnaPetHelas3CytosolPapMinusRawRep1.bigWig","wgEncodeGisRnaPetHelas3CytosolPapMinusRawRep1.bigWig","http://hgdownload.cse.ucsc.edu/goldenPath/hg19/encodeDCC/wgEncodeGisRnaPet/wgEncodeGisRnaPetHelas3CytosolPapMinusRawRep1.bigWig"
"gen0122C","HeLa-S3","wgEncodeGisRnaPet","RnaPet","ENCODE Mar 2012 Freeze",#2011-05-17#,#2009-12-05#,#2010-09-05#,"wgEncodeEH000268",,"GSM830533","Gingeras","GIS","RHH002","clone-free","cytosol","594b2cc41bb985e13293e859f51a1312",,"hg18","wgEncode","2x36",1,"longPolyA","Illumina_GA2x","27M",4617,,"wgEncodeGisRnaPetHelas3CytosolPapPlusRawRep1","bigWig","PlusRawSignal","wgEncodeGisRnaPetHelas3CytosolPapPlusRawRep1.bigWig","wgEncodeGisRnaPetHelas3CytosolPapPlusRawRep1.bigWig","http://hgdownload.cse.ucsc.edu/goldenPath/hg19/encodeDCC/wgEncodeGisRnaPet/wgEncodeGisRnaPetHelas3CytosolPapPlusRawRep1.bigWig"
"gen0124N","HeLa-S3","wgEncodeGisRnaPet","RnaPet","ENCODE Mar 2012 Freeze",#2011-05-05#,#2009-12-04#,#2010-09-04#,"wgEncodeEH000267",,,"Gingeras","GIS","RHH004","clone-free","nucleus","29cd38f2c8c6b5877fe7a3a2d945e419","replaced","hg18","wgEncode","2x36",1,"longPolyA","Illumina_GA2x","9.0M",4615,,"wgEncodeGisRnaPetHelas3NucleusPapMinusRawRep1","bigWig","MinusRawSignal","wgEncodeGisRnaPetHelas3NucleusPapMinusRawRep1.bigWig","wgEncodeGisRnaPetHelas3NucleusPapMinusRawRep1.bigWig","http://hgdownload.cse.ucsc.edu/goldenPath/hg19/encodeDCC/wgEncodeGisRnaPet/wgEncodeGisRnaPetHelas3NucleusPapMinusRawRep1.bigWig"
"gen0124N","HeLa-S3","wgEncodeGisRnaPet","RnaPet","ENCODE Mar 2012 Freeze",#2011-05-05#,#2011-11-09#,#2012-08-09#,"wgEncodeEH000267",,"GSM1006914","Gingeras","GIS","RHH004","clone-free","nucleus","28e104c08161695dcb540cf2821b7b21",,"hg18","wgEncode","2x36",1,"longPolyA","Illumina_GA2x","9.2M",5100,"V2 - Improved Sequencing","wgEncodeGisRnaPetHelas3NucleusPapMinusRawRep1V2","bigWig","MinusRawSignal","wgEncodeGisRnaPetHelas3NucleusPapMinusRawRep1V2.bigWig","wgEncodeGisRnaPetHelas3NucleusPapMinusRawRep1V2.bigWig","http://hgdownload.cse.ucsc.edu/goldenPath/hg19/encodeDCC/wgEncodeGisRnaPet/wgEncodeGisRnaPetHelas3NucleusPapMinusRawRep1V2.bigWig"
"gen0124N","HeLa-S3","wgEncodeGisRnaPet","RnaPet","ENCODE Mar 2012 Freeze",#2011-05-05#,#2009-12-04#,#2010-09-04#,"wgEncodeEH000267",,,"Gingeras","GIS","RHH004","clone-free","nucleus","de808d79b709b721d0e457cd3c2cb386","replaced","hg18","wgEncode","2x36",1,"longPolyA","Illumina_GA2x","9.0M",4615,,"wgEncodeGisRnaPetHelas3NucleusPapPlusRawRep1","bigWig","PlusRawSignal","wgEncodeGisRnaPetHelas3NucleusPapPlusRawRep1.bigWig","wgEncodeGisRnaPetHelas3NucleusPapPlusRawRep1.bigWig","http://hgdownload.cse.ucsc.edu/goldenPath/hg19/encodeDCC/wgEncodeGisRnaPet/wgEncodeGisRnaPetHelas3NucleusPapPlusRawRep1.bigWig"
"gen0124N","HeLa-S3","wgEncodeGisRnaPet","RnaPet","ENCODE Mar 2012 Freeze",#2011-05-05#,#2011-11-09#,#2012-08-09#,"wgEncodeEH000267",,"GSM1006914","Gingeras","GIS","RHH004","clone-free","nucleus","a8685ba0fd00b821ac72d9223480286f",,"hg18","wgEncode","2x36",1,"longPolyA","Illumina_GA2x","9.2M",5100,"V2 - Improved Sequencing","wgEncodeGisRnaPetHelas3NucleusPapPlusRawRep1V2","bigWig","PlusRawSignal","wgEncodeGisRnaPetHelas3NucleusPapPlusRawRep1V2.bigWig","wgEncodeGisRnaPetHelas3NucleusPapPlusRawRep1V2.bigWig","http://hgdownload.cse.ucsc.edu/goldenPath/hg19/encodeDCC/wgEncodeGisRnaPet/wgEncodeGisRnaPetHelas3NucleusPapPlusRawRep1V2.bigWig"
"gen0126C","HepG2","wgEncodeGisRnaPet","RnaPet","ENCODE Jan 2011 Freeze",#2010-08-19#,#2009-11-13#,#2010-08-13#,"wgEncodeEH000252",,"GSM830525","Gingeras","GIS","DHH002","clone-based","cytosol","e9cd55e87fe16b7348624e9fb468ef1b",,"hg18","wgEncode","2x36",1,"longPolyA","Illumina_GA2","32M",2116,,"wgEncodeGisRnaPetHepg2CytosolPapMinusRawSigRep1","bigWig","MinusRawSignal","wgEncodeGisRnaPetHepg2CytosolPapMinusRawSigRep1.bigWig","wgEncodeGisRnaPetHepg2CytosolPapMinusRawSigRep1.bigWig","http://hgdownload.cse.ucsc.edu/goldenPath/hg19/encodeDCC/wgEncodeGisRnaPet/wgEncodeGisRnaPetHepg2CytosolPapMinusRawSigRep1.bigWig"
"gen0126C","HepG2","wgEncodeGisRnaPet","RnaPet","ENCODE Jan 2011 Freeze",#2010-08-19#,#2009-11-13#,#2010-08-13#,"wgEncodeEH000252",,"GSM830525","Gingeras","GIS","DHH002","clone-based","cytosol","261ba4fcad5e6f496f3652566b83d40a",,"hg18","wgEncode","2x36",1,"longPolyA","Illumina_GA2","33M",2116,,"wgEncodeGisRnaPetHepg2CytosolPapPlusRawSigRep1","bigWig","PlusRawSignal","wgEncodeGisRnaPetHepg2CytosolPapPlusRawSigRep1.bigWig","wgEncodeGisRnaPetHepg2CytosolPapPlusRawSigRep1.bigWig","http://hgdownload.cse.ucsc.edu/goldenPath/hg19/encodeDCC/wgEncodeGisRnaPet/wgEncodeGisRnaPetHepg2CytosolPapPlusRawSigRep1.bigWig"
"gen0129N","HepG2","wgEncodeGisRnaPet","RnaPet","ENCODE Jan 2011 Freeze",#2010-08-18#,#2009-11-13#,#2010-08-13#,"wgEncodeEH000253",,"GSM830531","Gingeras","GIS","DHH003","clone-based","nucleus","5283f7444669a0a5486d9b4ff8fa9cbe",,"hg18","wgEncode","2x36",1,"longPolyA","Illumina_GA2","52M",2117,,"wgEncodeGisRnaPetHepg2NucleusPapMinusRawSigRep1","bigWig","MinusRawSignal","wgEncodeGisRnaPetHepg2NucleusPapMinusRawSigRep1.bigWig","wgEncodeGisRnaPetHepg2NucleusPapMinusRawSigRep1.bigWig","http://hgdownload.cse.ucsc.edu/goldenPath/hg19/encodeDCC/wgEncodeGisRnaPet/wgEncodeGisRnaPetHepg2NucleusPapMinusRawSigRep1.bigWig"
"gen0129N","HepG2","wgEncodeGisRnaPet","RnaPet","ENCODE Jan 2011 Freeze",#2010-08-18#,#2009-11-13#,#2010-08-13#,"wgEncodeEH000253",,"GSM830531","Gingeras","GIS","DHH003","clone-based","nucleus","ba8cc989c9c1679802b403f62ed6da5b",,"hg18","wgEncode","2x36",1,"longPolyA","Illumina_GA2","52M",2117,,"wgEncodeGisRnaPetHepg2NucleusPapPlusRawSigRep1","bigWig","PlusRawSignal","wgEncodeGisRnaPetHepg2NucleusPapPlusRawSigRep1.bigWig","wgEncodeGisRnaPetHepg2NucleusPapPlusRawSigRep1.bigWig","http://hgdownload.cse.ucsc.edu/goldenPath/hg19/encodeDCC/wgEncodeGisRnaPet/wgEncodeGisRnaPetHepg2NucleusPapPlusRawSigRep1.bigWig"
"gen0117C","HUVEC","wgEncodeGisRnaPet","RnaPet","ENCODE Mar 2012 Freeze",#2011-05-05#,#2009-12-04#,#2010-09-04#,"wgEncodeEH000266",,,"Gingeras","GIS","RHH003","clone-free","cytosol","394da799afaa56b94aed2fd8f41b1c64","replaced","hg18","wgEncode","2x36",1,"longPolyA","Illumina_GA2x","18M",4614,,"wgEncodeGisRnaPetHuvecCytosolPapMinusRawRep1","bigWig","MinusRawSignal","wgEncodeGisRnaPetHuvecCytosolPapMinusRawRep1.bigWig","wgEncodeGisRnaPetHuvecCytosolPapMinusRawRep1.bigWig","http://hgdownload.cse.ucsc.edu/goldenPath/hg19/encodeDCC/wgEncodeGisRnaPet/wgEncodeGisRnaPetHuvecCytosolPapMinusRawRep1.bigWig"
"gen0117C","HUVEC","wgEncodeGisRnaPet","RnaPet","ENCODE Mar 2012 Freeze",#2011-05-05#,#2011-11-09#,#2012-08-09#,"wgEncodeEH000266",,"GSM1006915","Gingeras","GIS","RHH003","clone-free","cytosol","3be99e4023512e5bd2b2f9c945fab649",,"hg18","wgEncode","2x36",1,"longPolyA","Illumina_GA2x","20M",5099,"V2 - Improved Sequencing","wgEncodeGisRnaPetHuvecCytosolPapMinusRawRep1V2","bigWig","MinusRawSignal","wgEncodeGisRnaPetHuvecCytosolPapMinusRawRep1V2.bigWig","wgEncodeGisRnaPetHuvecCytosolPapMinusRawRep1V2.bigWig","http://hgdownload.cse.ucsc.edu/goldenPath/hg19/encodeDCC/wgEncodeGisRnaPet/wgEncodeGisRnaPetHuvecCytosolPapMinusRawRep1V2.bigWig"
"gen0117C","HUVEC","wgEncodeGisRnaPet","RnaPet","ENCODE Mar 2012 Freeze",#2011-05-05#,#2009-12-04#,#2010-09-04#,"wgEncodeEH000266",,,"Gingeras","GIS","RHH003","clone-free","cytosol","ec49b19178a406d7ce4b6d207f46816b","replaced","hg18","wgEncode","2x36",1,"longPolyA","Illumina_GA2x","18M",4614,,"wgEncodeGisRnaPetHuvecCytosolPapPlusRawRep1","bigWig","PlusRawSignal","wgEncodeGisRnaPetHuvecCytosolPapPlusRawRep1.bigWig","wgEncodeGisRnaPetHuvecCytosolPapPlusRawRep1.bigWig","http://hgdownload.cse.ucsc.edu/goldenPath/hg19/encodeDCC/wgEncodeGisRnaPet/wgEncodeGisRnaPetHuvecCytosolPapPlusRawRep1.bigWig"
"gen0117C","HUVEC","wgEncodeGisRnaPet","RnaPet","ENCODE Mar 2012 Freeze",#2011-05-05#,#2011-11-09#,#2012-08-09#,"wgEncodeEH000266",,"GSM1006915","Gingeras","GIS","RHH003","clone-free","cytosol","ad2d11ba5ee585cedf4a2910ca030ba9",,"hg18","wgEncode","2x36",1,"longPolyA","Illumina_GA2x","20M",5099,"V2 - Improved Sequencing","wgEncodeGisRnaPetHuvecCytosolPapPlusRawRep1V2","bigWig","PlusRawSignal","wgEncodeGisRnaPetHuvecCytosolPapPlusRawRep1V2.bigWig","wgEncodeGisRnaPetHuvecCytosolPapPlusRawRep1V2.bigWig","http://hgdownload.cse.ucsc.edu/goldenPath/hg19/encodeDCC/wgEncodeGisRnaPet/wgEncodeGisRnaPetHuvecCytosolPapPlusRawRep1V2.bigWig"
"gen0118N","HUVEC","wgEncodeGisRnaPet","RnaPet","ENCODE Mar 2012 Freeze",#2011-05-05#,#2009-11-13#,#2010-08-13#,"wgEncodeEH000251",,"GSM830519","Gingeras","GIS","RHH001","clone-free","nucleus","16bfd4fd3be0fa6e84b28c03f9e41513",,"hg18","wgEncode","2x36",1,"longPolyA","Illumina_GA2","4.0M",4031,,"wgEncodeGisRnaPetHuvecNucleusPapMinusRawRep1","bigWig","MinusRawSignal","wgEncodeGisRnaPetHuvecNucleusPapMinusRawRep1.bigWig","wgEncodeGisRnaPetHuvecNucleusPapMinusRawRep1.bigWig","http://hgdownload.cse.ucsc.edu/goldenPath/hg19/encodeDCC/wgEncodeGisRnaPet/wgEncodeGisRnaPetHuvecNucleusPapMinusRawRep1.bigWig"
"gen0118N","HUVEC","wgEncodeGisRnaPet","RnaPet","ENCODE Mar 2012 Freeze",#2011-05-05#,#2009-11-13#,#2010-08-13#,"wgEncodeEH000251",,"GSM830519","Gingeras","GIS","RHH001","clone-free","nucleus","7bf4b0198aa4b4b4a8f75bb4b4868f5e",,"hg18","wgEncode","2x36",1,"longPolyA","Illumina_GA2","4.0M",4031,,"wgEncodeGisRnaPetHuvecNucleusPapPlusRawRep1","bigWig","PlusRawSignal","wgEncodeGisRnaPetHuvecNucleusPapPlusRawRep1.bigWig","wgEncodeGisRnaPetHuvecNucleusPapPlusRawRep1.bigWig","http://hgdownload.cse.ucsc.edu/goldenPath/hg19/encodeDCC/wgEncodeGisRnaPet/wgEncodeGisRnaPetHuvecNucleusPapPlusRawRep1.bigWig"
"045WC","IMR90","wgEncodeGisRnaPet","RnaPet","ENCODE Mar 2012 Freeze",,#2012-03-22#,#2012-12-22#,"wgEncodeEH002924",58607680,"GSM1006908","Gingeras","GIS","RHI001","clone-free","cell","dc7958ee2d4650829639706cd1f0cbf7",,,"wgEncode","2x36",1,"longPolyA","Illumina_HiSeq_2000","13M",6191,,"wgEncodeGisRnaPetImr90CellPapMinusRawRep1","bigWig","MinusRawSignal","wgEncodeGisRnaPetImr90CellPapMinusRawRep1.bigWig","wgEncodeGisRnaPetImr90CellPapMinusRawRep1.bigWig","http://hgdownload.cse.ucsc.edu/goldenPath/hg19/encodeDCC/wgEncodeGisRnaPet/wgEncodeGisRnaPetImr90CellPapMinusRawRep1.bigWig"
"046WC","IMR90","wgEncodeGisRnaPet","RnaPet","ENCODE Mar 2012 Freeze",,#2012-03-27#,#2012-12-27#,"wgEncodeEH002924",58607680,"GSM1006908","Gingeras","GIS","RHI002","clone-free","cell","f14710c35a251e3a2c8da8c3477f6d94",,,"wgEncode","2x36",2,"longPolyA","Illumina_HiSeq_2000","14M",6394,,"wgEncodeGisRnaPetImr90CellPapMinusRawRep2","bigWig","MinusRawSignal","wgEncodeGisRnaPetImr90CellPapMinusRawRep2.bigWig","wgEncodeGisRnaPetImr90CellPapMinusRawRep2.bigWig","http://hgdownload.cse.ucsc.edu/goldenPath/hg19/encodeDCC/wgEncodeGisRnaPet/wgEncodeGisRnaPetImr90CellPapMinusRawRep2.bigWig"
"045WC","IMR90","wgEncodeGisRnaPet","RnaPet","ENCODE Mar 2012 Freeze",,#2012-03-22#,#2012-12-22#,"wgEncodeEH002924",58607680,"GSM1006908","Gingeras","GIS","RHI001","clone-free","cell","debae4fde60d2eff9b89f2ded03c7819",,,"wgEncode","2x36",1,"longPolyA","Illumina_HiSeq_2000","13M",6191,,"wgEncodeGisRnaPetImr90CellPapPlusRawRep1","bigWig","PlusRawSignal","wgEncodeGisRnaPetImr90CellPapPlusRawRep1.bigWig","wgEncodeGisRnaPetImr90CellPapPlusRawRep1.bigWig","http://hgdownload.cse.ucsc.edu/goldenPath/hg19/encodeDCC/wgEncodeGisRnaPet/wgEncodeGisRnaPetImr90CellPapPlusRawRep1.bigWig"
"046WC","IMR90","wgEncodeGisRnaPet","RnaPet","ENCODE Mar 2012 Freeze",,#2012-03-27#,#2012-12-27#,"wgEncodeEH002924",58607680,"GSM1006908","Gingeras","GIS","RHI002","clone-free","cell","db21b257c5251ca835c00fe74f2cdb87",,,"wgEncode","2x36",2,"longPolyA","Illumina_HiSeq_2000","14M",6394,,"wgEncodeGisRnaPetImr90CellPapPlusRawRep2","bigWig","PlusRawSignal","wgEncodeGisRnaPetImr90CellPapPlusRawRep2.bigWig","wgEncodeGisRnaPetImr90CellPapPlusRawRep2.bigWig","http://hgdownload.cse.ucsc.edu/goldenPath/hg19/encodeDCC/wgEncodeGisRnaPet/wgEncodeGisRnaPetImr90CellPapPlusRawRep2.bigWig"
"045C","IMR90","wgEncodeGisRnaPet","RnaPet","ENCODE Mar 2012 Freeze",,#2012-03-27#,#2012-12-27#,"wgEncodeEH002930",58607680,"GSM1006911","Gingeras","GIS","RHI003","clone-free","cytosol","559118b91b757919ee0c39e3764da1ea",,,"wgEncode","2x36",1,"longPolyA","Illumina_HiSeq_2000","20M",6395,,"wgEncodeGisRnaPetImr90CytosolPapMinusRawRep1","bigWig","MinusRawSignal","wgEncodeGisRnaPetImr90CytosolPapMinusRawRep1.bigWig","wgEncodeGisRnaPetImr90CytosolPapMinusRawRep1.bigWig","http://hgdownload.cse.ucsc.edu/goldenPath/hg19/encodeDCC/wgEncodeGisRnaPet/wgEncodeGisRnaPetImr90CytosolPapMinusRawRep1.bigWig"
"046C","IMR90","wgEncodeGisRnaPet","RnaPet","ENCODE Mar 2012 Freeze",,#2012-03-27#,#2012-12-27#,"wgEncodeEH002930",58607680,"GSM1006911","Gingeras","GIS","RHI004","clone-free","cytosol","caabf1bce1ba1b24bac6ee7e1ab3a1b5",,,"wgEncode","2x36",2,"longPolyA","Illumina_HiSeq_2000","20M",6396,,"wgEncodeGisRnaPetImr90CytosolPapMinusRawRep2","bigWig","MinusRawSignal","wgEncodeGisRnaPetImr90CytosolPapMinusRawRep2.bigWig","wgEncodeGisRnaPetImr90CytosolPapMinusRawRep2.bigWig","http://hgdownload.cse.ucsc.edu/goldenPath/hg19/encodeDCC/wgEncodeGisRnaPet/wgEncodeGisRnaPetImr90CytosolPapMinusRawRep2.bigWig"
"045C","IMR90","wgEncodeGisRnaPet","RnaPet","ENCODE Mar 2012 Freeze",,#2012-03-27#,#2012-12-27#,"wgEncodeEH002930",58607680,"GSM1006911","Gingeras","GIS","RHI003","clone-free","cytosol","a0c754ee0a44deaa9b15304c3290ecb8",,,"wgEncode","2x36",1,"longPolyA","Illumina_HiSeq_2000","20M",6395,,"wgEncodeGisRnaPetImr90CytosolPapPlusRawRep1","bigWig","PlusRawSignal","wgEncodeGisRnaPetImr90CytosolPapPlusRawRep1.bigWig","wgEncodeGisRnaPetImr90CytosolPapPlusRawRep1.bigWig","http://hgdownload.cse.ucsc.edu/goldenPath/hg19/encodeDCC/wgEncodeGisRnaPet/wgEncodeGisRnaPetImr90CytosolPapPlusRawRep1.bigWig"
"046C","IMR90","wgEncodeGisRnaPet","RnaPet","ENCODE Mar 2012 Freeze",,#2012-03-27#,#2012-12-27#,"wgEncodeEH002930",58607680,"GSM1006911","Gingeras","GIS","RHI004","clone-free","cytosol","d6ba0a51e726b63bab92f379e6924f1b",,,"wgEncode","2x36",2,"longPolyA","Illumina_HiSeq_2000","20M",6396,,"wgEncodeGisRnaPetImr90CytosolPapPlusRawRep2","bigWig","PlusRawSignal","wgEncodeGisRnaPetImr90CytosolPapPlusRawRep2.bigWig","wgEncodeGisRnaPetImr90CytosolPapPlusRawRep2.bigWig","http://hgdownload.cse.ucsc.edu/goldenPath/hg19/encodeDCC/wgEncodeGisRnaPet/wgEncodeGisRnaPetImr90CytosolPapPlusRawRep2.bigWig"
"045N","IMR90","wgEncodeGisRnaPet","RnaPet","ENCODE Mar 2012 Freeze",,#2012-03-27#,#2012-12-27#,"wgEncodeEH002931",58607680,"GSM1006913","Gingeras","GIS","RHI005","clone-free","nucleus","188ce7e0f0717d8c1f17b3269d25780a",,,"wgEncode","2x36",1,"longPolyA","Illumina_HiSeq_2000","16M",6397,,"wgEncodeGisRnaPetImr90NucleusPapMinusRawRep1","bigWig","MinusRawSignal","wgEncodeGisRnaPetImr90NucleusPapMinusRawRep1.bigWig","wgEncodeGisRnaPetImr90NucleusPapMinusRawRep1.bigWig","http://hgdownload.cse.ucsc.edu/goldenPath/hg19/encodeDCC/wgEncodeGisRnaPet/wgEncodeGisRnaPetImr90NucleusPapMinusRawRep1.bigWig"
"046N","IMR90","wgEncodeGisRnaPet","RnaPet","ENCODE Mar 2012 Freeze",,#2012-03-28#,#2012-12-28#,"wgEncodeEH002931",58607680,"GSM1006913","Gingeras","GIS","RHI006","clone-free","nucleus","a936e9dacca2d7565b03404d2a3a0efe",,,"wgEncode","2x36",2,"longPolyA","Illumina_HiSeq_2000","20M",6537,,"wgEncodeGisRnaPetImr90NucleusPapMinusRawRep2","bigWig","MinusRawSignal","wgEncodeGisRnaPetImr90NucleusPapMinusRawRep2.bigWig","wgEncodeGisRnaPetImr90NucleusPapMinusRawRep2.bigWig","http://hgdownload.cse.ucsc.edu/goldenPath/hg19/encodeDCC/wgEncodeGisRnaPet/wgEncodeGisRnaPetImr90NucleusPapMinusRawRep2.bigWig"
"045N","IMR90","wgEncodeGisRnaPet","RnaPet","ENCODE Mar 2012 Freeze",,#2012-03-27#,#2012-12-27#,"wgEncodeEH002931",58607680,"GSM1006913","Gingeras","GIS","RHI005","clone-free","nucleus","e24450de00e320f5e46aeb8e2c10c676",,,"wgEncode","2x36",1,"longPolyA","Illumina_HiSeq_2000","16M",6397,,"wgEncodeGisRnaPetImr90NucleusPapPlusRawRep1","bigWig","PlusRawSignal","wgEncodeGisRnaPetImr90NucleusPapPlusRawRep1.bigWig","wgEncodeGisRnaPetImr90NucleusPapPlusRawRep1.bigWig","http://hgdownload.cse.ucsc.edu/goldenPath/hg19/encodeDCC/wgEncodeGisRnaPet/wgEncodeGisRnaPetImr90NucleusPapPlusRawRep1.bigWig"
"046N","IMR90","wgEncodeGisRnaPet","RnaPet","ENCODE Mar 2012 Freeze",,#2012-03-28#,#2012-12-28#,"wgEncodeEH002931",58607680,"GSM1006913","Gingeras","GIS","RHI006","clone-free","nucleus","a603b124c13c0784294e8bf7f64e1198",,,"wgEncode","2x36",2,"longPolyA","Illumina_HiSeq_2000","20M",6537,,"wgEncodeGisRnaPetImr90NucleusPapPlusRawRep2","bigWig","PlusRawSignal","wgEncodeGisRnaPetImr90NucleusPapPlusRawRep2.bigWig","wgEncodeGisRnaPetImr90NucleusPapPlusRawRep2.bigWig","http://hgdownload.cse.ucsc.edu/goldenPath/hg19/encodeDCC/wgEncodeGisRnaPet/wgEncodeGisRnaPetImr90NucleusPapPlusRawRep2.bigWig"
"gen0135CH","K562","wgEncodeGisRnaPet","RnaPet","ENCODE Jan 2011 Freeze",#2010-08-18#,#2009-11-13#,#2010-08-13#,"wgEncodeEH000254",,"GSM830536","Gingeras","GIS","PHK001","clone-based","chromatin","73c07e72819bac301b9c8005438323da",,"hg18","wgEncode","2x36",1,"total","Illumina_GA2","11M",1986,,"wgEncodeGisRnaPetK562ChromatinTotalMinusRawSigRep1","bigWig","MinusRawSignal","wgEncodeGisRnaPetK562ChromatinTotalMinusRawSigRep1.bigWig","wgEncodeGisRnaPetK562ChromatinTotalMinusRawSigRep1.bigWig","http://hgdownload.cse.ucsc.edu/goldenPath/hg19/encodeDCC/wgEncodeGisRnaPet/wgEncodeGisRnaPetK562ChromatinTotalMinusRawSigRep1.bigWig"
"gen0135CH","K562","wgEncodeGisRnaPet","RnaPet","ENCODE Jan 2011 Freeze",#2010-08-18#,#2009-11-13#,#2010-08-13#,"wgEncodeEH000254",,"GSM830536","Gingeras","GIS","PHK001","clone-based","chromatin","0a7a3ba1eab8f0bd077aa68f1571b53a",,"hg18","wgEncode","2x36",1,"total","Illumina_GA2","11M",1986,,"wgEncodeGisRnaPetK562ChromatinTotalPlusRawSigRep1","bigWig","PlusRawSignal","wgEncodeGisRnaPetK562ChromatinTotalPlusRawSigRep1.bigWig","wgEncodeGisRnaPetK562ChromatinTotalPlusRawSigRep1.bigWig","http://hgdownload.cse.ucsc.edu/goldenPath/hg19/encodeDCC/wgEncodeGisRnaPet/wgEncodeGisRnaPetK562ChromatinTotalPlusRawSigRep1.bigWig"
"gen0138C","K562","wgEncodeGisRnaPet","RnaPet","ENCODE Mar 2012 Freeze",#2011-05-05#,#2009-11-13#,#2010-08-13#,"wgEncodeEH000255",,"GSM830537","Gingeras","GIS","IHK009010015","clone-free","cytosol","c20ced2d1bf34f979f22c41f062d6c52",,"hg18","wgEncode","2x36",1,"longPolyA","Illumina_GA2x","15M",4616,,"wgEncodeGisRnaPetK562CytosolPapMinusRawRep1","bigWig","MinusRawSignal","wgEncodeGisRnaPetK562CytosolPapMinusRawRep1.bigWig","wgEncodeGisRnaPetK562CytosolPapMinusRawRep1.bigWig","http://hgdownload.cse.ucsc.edu/goldenPath/hg19/encodeDCC/wgEncodeGisRnaPet/wgEncodeGisRnaPetK562CytosolPapMinusRawRep1.bigWig"
"gen0138C","K562","wgEncodeGisRnaPet","RnaPet","ENCODE Mar 2012 Freeze",#2011-05-05#,#2009-11-13#,#2010-08-13#,"wgEncodeEH000255",,"GSM830537","Gingeras","GIS","IHK009010015","clone-free","cytosol","ee4bd8baaf3c4437e7472fdda293befc",,"hg18","wgEncode","2x36",1,"longPolyA","Illumina_GA2x","15M",4616,,"wgEncodeGisRnaPetK562CytosolPapPlusRawRep1","bigWig","PlusRawSignal","wgEncodeGisRnaPetK562CytosolPapPlusRawRep1.bigWig","wgEncodeGisRnaPetK562CytosolPapPlusRawRep1.bigWig","http://hgdownload.cse.ucsc.edu/goldenPath/hg19/encodeDCC/wgEncodeGisRnaPet/wgEncodeGisRnaPetK562CytosolPapPlusRawRep1.bigWig"
"gen0145NL","K562","wgEncodeGisRnaPet","RnaPet","ENCODE Jan 2011 Freeze",#2010-08-18#,#2009-11-13#,#2010-08-13#,"wgEncodeEH000256",,"GSM830521","Gingeras","GIS","DHK008","clone-based","nucleolus","9188f2fc82976cecba4d98c7c99973ea",,"hg18","wgEncode","2x36",1,"total","Illumina_GA2","17M",1988,,"wgEncodeGisRnaPetK562NucleolusTotalMinusRawSigRep1","bigWig","MinusRawSignal","wgEncodeGisRnaPetK562NucleolusTotalMinusRawSigRep1.bigWig","wgEncodeGisRnaPetK562NucleolusTotalMinusRawSigRep1.bigWig","http://hgdownload.cse.ucsc.edu/goldenPath/hg19/encodeDCC/wgEncodeGisRnaPet/wgEncodeGisRnaPetK562NucleolusTotalMinusRawSigRep1.bigWig"
"gen0145NL","K562","wgEncodeGisRnaPet","RnaPet","ENCODE Jan 2011 Freeze",#2010-08-18#,#2009-11-13#,#2010-08-13#,"wgEncodeEH000256",,"GSM830521","Gingeras","GIS","DHK008","clone-based","nucleolus","a1587b6c346639e0f9aff9923e47b3e7",,"hg18","wgEncode","2x36",1,"total","Illumina_GA2","17M",1988,,"wgEncodeGisRnaPetK562NucleolusTotalPlusRawSigRep1","bigWig","PlusRawSignal","wgEncodeGisRnaPetK562NucleolusTotalPlusRawSigRep1.bigWig","wgEncodeGisRnaPetK562NucleolusTotalPlusRawSigRep1.bigWig","http://hgdownload.cse.ucsc.edu/goldenPath/hg19/encodeDCC/wgEncodeGisRnaPet/wgEncodeGisRnaPetK562NucleolusTotalPlusRawSigRep1.bigWig"
"gen0148NP","K562","wgEncodeGisRnaPet","RnaPet","ENCODE Jan 2011 Freeze",#2010-08-18#,#2009-11-13#,#2010-08-13#,"wgEncodeEH000257",,"GSM830524","Gingeras","GIS","PHK002","clone-based","nucleoplasm","c98b98e09faa6d2ea62ba00f39b06047",,"hg18","wgEncode","2x36",1,"total","Illumina_GA2","662K",1987,,"wgEncodeGisRnaPetK562NucleoplasmTotalMinusRawSigRep1","bigWig","MinusRawSignal","wgEncodeGisRnaPetK562NucleoplasmTotalMinusRawSigRep1.bigWig","wgEncodeGisRnaPetK562NucleoplasmTotalMinusRawSigRep1.bigWig","http://hgdownload.cse.ucsc.edu/goldenPath/hg19/encodeDCC/wgEncodeGisRnaPet/wgEncodeGisRnaPetK562NucleoplasmTotalMinusRawSigRep1.bigWig"
"gen0148NP","K562","wgEncodeGisRnaPet","RnaPet","ENCODE Jan 2011 Freeze",#2010-08-18#,#2009-11-13#,#2010-08-13#,"wgEncodeEH000257",,"GSM830524","Gingeras","GIS","PHK002","clone-based","nucleoplasm","43bc9d2619ca5a974c252c766107e40a",,"hg18","wgEncode","2x36",1,"total","Illumina_GA2","670K",1987,,"wgEncodeGisRnaPetK562NucleoplasmTotalPlusRawSigRep1","bigWig","PlusRawSignal","wgEncodeGisRnaPetK562NucleoplasmTotalPlusRawSigRep1.bigWig","wgEncodeGisRnaPetK562NucleoplasmTotalPlusRawSigRep1.bigWig","http://hgdownload.cse.ucsc.edu/goldenPath/hg19/encodeDCC/wgEncodeGisRnaPet/wgEncodeGisRnaPetK562NucleoplasmTotalPlusRawSigRep1.bigWig"
"gen0150N","K562","wgEncodeGisRnaPet","RnaPet","ENCODE Jan 2011 Freeze",#2010-08-18#,#2009-11-13#,#2010-08-13#,"wgEncodeEH000258",,"GSM830526","Gingeras","GIS","DHK006","clone-based","nucleus","0eb3c08edbe2f45db1a6b0b8762ea3f0",,"hg18","wgEncode","2x36",1,"longPolyA","Illumina_GA2","43M",1984,,"wgEncodeGisRnaPetK562NucleusPapMinusRawSigRep1","bigWig","MinusRawSignal","wgEncodeGisRnaPetK562NucleusPapMinusRawSigRep1.bigWig","wgEncodeGisRnaPetK562NucleusPapMinusRawSigRep1.bigWig","http://hgdownload.cse.ucsc.edu/goldenPath/hg19/encodeDCC/wgEncodeGisRnaPet/wgEncodeGisRnaPetK562NucleusPapMinusRawSigRep1.bigWig"
"gen0150N","K562","wgEncodeGisRnaPet","RnaPet","ENCODE Jan 2011 Freeze",#2010-08-18#,#2009-11-13#,#2010-08-13#,"wgEncodeEH000258",,"GSM830526","Gingeras","GIS","DHK006","clone-based","nucleus","c727a7b67c7b0b8f28d8f511ebb3b89e",,"hg18","wgEncode","2x36",1,"longPolyA","Illumina_GA2","43M",1984,,"wgEncodeGisRnaPetK562NucleusPapPlusRawSigRep1","bigWig","PlusRawSignal","wgEncodeGisRnaPetK562NucleusPapPlusRawSigRep1.bigWig","wgEncodeGisRnaPetK562NucleusPapPlusRawSigRep1.bigWig","http://hgdownload.cse.ucsc.edu/goldenPath/hg19/encodeDCC/wgEncodeGisRnaPet/wgEncodeGisRnaPetK562NucleusPapPlusRawSigRep1.bigWig"
"gen0153P","K562","wgEncodeGisRnaPet","RnaPet","ENCODE Jan 2011 Freeze",#2010-07-22#,#2009-11-13#,#2010-08-13#,"wgEncodeEH000259",,"GSM830527","Gingeras","GIS","DHK007","clone-based","polysome","42bb878a4e876a65ec7b8a4b0e5f6265",,"hg18","wgEncode","2x36",1,"longPolyA","Illumina_GA2","60M",1985,,"wgEncodeGisRnaPetK562PolysomePapMinusRawSigRep1","bigWig","MinusRawSignal","wgEncodeGisRnaPetK562PolysomePapMinusRawSigRep1.bigWig","wgEncodeGisRnaPetK562PolysomePapMinusRawSigRep1.bigWig","http://hgdownload.cse.ucsc.edu/goldenPath/hg19/encodeDCC/wgEncodeGisRnaPet/wgEncodeGisRnaPetK562PolysomePapMinusRawSigRep1.bigWig"
"gen0153P","K562","wgEncodeGisRnaPet","RnaPet","ENCODE Jan 2011 Freeze",#2010-07-22#,#2009-11-13#,#2010-08-13#,"wgEncodeEH000259",,"GSM830527","Gingeras","GIS","DHK007","clone-based","polysome","676ed61bb1072774127e023944d63dbc",,"hg18","wgEncode","2x36",1,"longPolyA","Illumina_GA2","60M",1985,,"wgEncodeGisRnaPetK562PolysomePapPlusRawSigRep1","bigWig","PlusRawSignal","wgEncodeGisRnaPetK562PolysomePapPlusRawSigRep1.bigWig","wgEncodeGisRnaPetK562PolysomePapPlusRawSigRep1.bigWig","http://hgdownload.cse.ucsc.edu/goldenPath/hg19/encodeDCC/wgEncodeGisRnaPet/wgEncodeGisRnaPetK562PolysomePapPlusRawSigRep1.bigWig"
"089WC","MCF-7","wgEncodeGisRnaPet","RnaPet","ENCODE Mar 2012 Freeze",,#2012-03-27#,#2012-12-27#,"wgEncodeEH002934",,"GSM1006905","Gingeras","GIS","RHM046","clone-free","cell","d47c57713fe0a6eb59c891efe25b4747",,,"wgEncode","2x36",3,"longPolyA","Illumina_HiSeq_2000","19M",6403,,"wgEncodeGisRnaPetMcf7CellPapMinusRawRep3","bigWig","MinusRawSignal","wgEncodeGisRnaPetMcf7CellPapMinusRawRep3.bigWig","wgEncodeGisRnaPetMcf7CellPapMinusRawRep3.bigWig","http://hgdownload.cse.ucsc.edu/goldenPath/hg19/encodeDCC/wgEncodeGisRnaPet/wgEncodeGisRnaPetMcf7CellPapMinusRawRep3.bigWig"
"090WC","MCF-7","wgEncodeGisRnaPet","RnaPet","ENCODE Mar 2012 Freeze",,#2012-03-27#,#2012-12-27#,"wgEncodeEH002934",,"GSM1006905","Gingeras","GIS","RHM047","clone-free","cell","707ee6124af96edd2ddded4618a0fbe8",,,"wgEncode","2x36",4,"longPolyA","Illumina_HiSeq_2000","21M",6402,,"wgEncodeGisRnaPetMcf7CellPapMinusRawRep4","bigWig","MinusRawSignal","wgEncodeGisRnaPetMcf7CellPapMinusRawRep4.bigWig","wgEncodeGisRnaPetMcf7CellPapMinusRawRep4.bigWig","http://hgdownload.cse.ucsc.edu/goldenPath/hg19/encodeDCC/wgEncodeGisRnaPet/wgEncodeGisRnaPetMcf7CellPapMinusRawRep4.bigWig"
"089WC","MCF-7","wgEncodeGisRnaPet","RnaPet","ENCODE Mar 2012 Freeze",,#2012-03-27#,#2012-12-27#,"wgEncodeEH002934",,"GSM1006905","Gingeras","GIS","RHM046","clone-free","cell","b8a21b1aeb7ec64675f7f9a43348765b",,,"wgEncode","2x36",3,"longPolyA","Illumina_HiSeq_2000","19M",6403,,"wgEncodeGisRnaPetMcf7CellPapPlusRawRep3","bigWig","PlusRawSignal","wgEncodeGisRnaPetMcf7CellPapPlusRawRep3.bigWig","wgEncodeGisRnaPetMcf7CellPapPlusRawRep3.bigWig","http://hgdownload.cse.ucsc.edu/goldenPath/hg19/encodeDCC/wgEncodeGisRnaPet/wgEncodeGisRnaPetMcf7CellPapPlusRawRep3.bigWig"
"090WC","MCF-7","wgEncodeGisRnaPet","RnaPet","ENCODE Mar 2012 Freeze",,#2012-03-27#,#2012-12-27#,"wgEncodeEH002934",,"GSM1006905","Gingeras","GIS","RHM047","clone-free","cell","3372d1241d34f69a80b2c759835253f3",,,"wgEncode","2x36",4,"longPolyA","Illumina_HiSeq_2000","21M",6402,,"wgEncodeGisRnaPetMcf7CellPapPlusRawRep4","bigWig","PlusRawSignal","wgEncodeGisRnaPetMcf7CellPapPlusRawRep4.bigWig","wgEncodeGisRnaPetMcf7CellPapPlusRawRep4.bigWig","http://hgdownload.cse.ucsc.edu/goldenPath/hg19/encodeDCC/wgEncodeGisRnaPet/wgEncodeGisRnaPetMcf7CellPapPlusRawRep4.bigWig"
"089C","MCF-7","wgEncodeGisRnaPet","RnaPet","ENCODE Mar 2012 Freeze",,#2012-03-27#,#2012-12-27#,"wgEncodeEH002932",,"GSM1006904","Gingeras","GIS","RHM044","clone-free","cytosol","cde79b57f953ae7617f3087280489498",,,"wgEncode","2x36",3,"longPolyA","Illumina_HiSeq_2000","13M",6401,,"wgEncodeGisRnaPetMcf7CytosolPapMinusRawRep3","bigWig","MinusRawSignal","wgEncodeGisRnaPetMcf7CytosolPapMinusRawRep3.bigWig","wgEncodeGisRnaPetMcf7CytosolPapMinusRawRep3.bigWig","http://hgdownload.cse.ucsc.edu/goldenPath/hg19/encodeDCC/wgEncodeGisRnaPet/wgEncodeGisRnaPetMcf7CytosolPapMinusRawRep3.bigWig"
"090C","MCF-7","wgEncodeGisRnaPet","RnaPet","ENCODE Mar 2012 Freeze",,#2012-03-27#,#2012-12-27#,"wgEncodeEH002932",,"GSM1006904","Gingeras","GIS","RHM045","clone-free","cytosol","cd60d5a1e9466b8d280734cb60d79c5f",,,"wgEncode","2x36",4,"longPolyA","Illumina_HiSeq_2000","13M",6407,,"wgEncodeGisRnaPetMcf7CytosolPapMinusRawRep4","bigWig","MinusRawSignal","wgEncodeGisRnaPetMcf7CytosolPapMinusRawRep4.bigWig","wgEncodeGisRnaPetMcf7CytosolPapMinusRawRep4.bigWig","http://hgdownload.cse.ucsc.edu/goldenPath/hg19/encodeDCC/wgEncodeGisRnaPet/wgEncodeGisRnaPetMcf7CytosolPapMinusRawRep4.bigWig"
"089C","MCF-7","wgEncodeGisRnaPet","RnaPet","ENCODE Mar 2012 Freeze",,#2012-03-27#,#2012-12-27#,"wgEncodeEH002932",,"GSM1006904","Gingeras","GIS","RHM044","clone-free","cytosol","bbd85b5f6078d66e7c6c879d50019eaa",,,"wgEncode","2x36",3,"longPolyA","Illumina_HiSeq_2000","13M",6401,,"wgEncodeGisRnaPetMcf7CytosolPapPlusRawRep3","bigWig","PlusRawSignal","wgEncodeGisRnaPetMcf7CytosolPapPlusRawRep3.bigWig","wgEncodeGisRnaPetMcf7CytosolPapPlusRawRep3.bigWig","http://hgdownload.cse.ucsc.edu/goldenPath/hg19/encodeDCC/wgEncodeGisRnaPet/wgEncodeGisRnaPetMcf7CytosolPapPlusRawRep3.bigWig"
"090C","MCF-7","wgEncodeGisRnaPet","RnaPet","ENCODE Mar 2012 Freeze",,#2012-03-27#,#2012-12-27#,"wgEncodeEH002932",,"GSM1006904","Gingeras","GIS","RHM045","clone-free","cytosol","c616cab896b3fd3a8a7d30a5186a4b9a",,,"wgEncode","2x36",4,"longPolyA","Illumina_HiSeq_2000","13M",6407,,"wgEncodeGisRnaPetMcf7CytosolPapPlusRawRep4","bigWig","PlusRawSignal","wgEncodeGisRnaPetMcf7CytosolPapPlusRawRep4.bigWig","wgEncodeGisRnaPetMcf7CytosolPapPlusRawRep4.bigWig","http://hgdownload.cse.ucsc.edu/goldenPath/hg19/encodeDCC/wgEncodeGisRnaPet/wgEncodeGisRnaPetMcf7CytosolPapPlusRawRep4.bigWig"
"089N","MCF-7","wgEncodeGisRnaPet","RnaPet","ENCODE Mar 2012 Freeze",,#2012-03-27#,#2012-12-27#,"wgEncodeEH002933",,"GSM1006912","Gingeras","GIS","RHM054","clone-free","nucleus","e65fb041c024dc00b862152051088dc4",,,"wgEncode","2x36",3,"longPolyA","Illumina_HiSeq_2000","1.8M",6406,,"wgEncodeGisRnaPetMcf7NucleusPapMinusRawRep3","bigWig","MinusRawSignal","wgEncodeGisRnaPetMcf7NucleusPapMinusRawRep3.bigWig","wgEncodeGisRnaPetMcf7NucleusPapMinusRawRep3.bigWig","http://hgdownload.cse.ucsc.edu/goldenPath/hg19/encodeDCC/wgEncodeGisRnaPet/wgEncodeGisRnaPetMcf7NucleusPapMinusRawRep3.bigWig"
"090N","MCF-7","wgEncodeGisRnaPet","RnaPet","ENCODE Mar 2012 Freeze",,#2012-03-27#,#2012-12-27#,"wgEncodeEH002933",,"GSM1006912","Gingeras","GIS","RHM055","clone-free","nucleus","d1f9121730e28ff9ae9902e77aaa24db",,,"wgEncode","2x36",4,"longPolyA","Illumina_HiSeq_2000","1.8M",6410,,"wgEncodeGisRnaPetMcf7NucleusPapMinusRawRep4","bigWig","MinusRawSignal","wgEncodeGisRnaPetMcf7NucleusPapMinusRawRep4.bigWig","wgEncodeGisRnaPetMcf7NucleusPapMinusRawRep4.bigWig","http://hgdownload.cse.ucsc.edu/goldenPath/hg19/encodeDCC/wgEncodeGisRnaPet/wgEncodeGisRnaPetMcf7NucleusPapMinusRawRep4.bigWig"
"089N","MCF-7","wgEncodeGisRnaPet","RnaPet","ENCODE Mar 2012 Freeze",,#2012-03-27#,#2012-12-27#,"wgEncodeEH002933",,"GSM1006912","Gingeras","GIS","RHM054","clone-free","nucleus","fe7f1d386ccba5e63ab97c58b7152702",,,"wgEncode","2x36",3,"longPolyA","Illumina_HiSeq_2000","1.8M",6406,,"wgEncodeGisRnaPetMcf7NucleusPapPlusRawRep3","bigWig","PlusRawSignal","wgEncodeGisRnaPetMcf7NucleusPapPlusRawRep3.bigWig","wgEncodeGisRnaPetMcf7NucleusPapPlusRawRep3.bigWig","http://hgdownload.cse.ucsc.edu/goldenPath/hg19/encodeDCC/wgEncodeGisRnaPet/wgEncodeGisRnaPetMcf7NucleusPapPlusRawRep3.bigWig"
"090N","MCF-7","wgEncodeGisRnaPet","RnaPet","ENCODE Mar 2012 Freeze",,#2012-03-27#,#2012-12-27#,"wgEncodeEH002933",,"GSM1006912","Gingeras","GIS","RHM055","clone-free","nucleus","5d0a60eec0e517bfe5acc20aa637931b",,,"wgEncode","2x36",4,"longPolyA","Illumina_HiSeq_2000","1.8M",6410,,"wgEncodeGisRnaPetMcf7NucleusPapPlusRawRep4","bigWig","PlusRawSignal","wgEncodeGisRnaPetMcf7NucleusPapPlusRawRep4.bigWig","wgEncodeGisRnaPetMcf7NucleusPapPlusRawRep4.bigWig","http://hgdownload.cse.ucsc.edu/goldenPath/hg19/encodeDCC/wgEncodeGisRnaPet/wgEncodeGisRnaPetMcf7NucleusPapPlusRawRep4.bigWig"
"gen0156C","NHEK","wgEncodeGisRnaPet","RnaPet","ENCODE Mar 2012 Freeze",#2011-05-05#,#2009-11-13#,#2010-08-13#,"wgEncodeEH000260",,"GSM830522","Gingeras","GIS","IHN011","clone-free","cytosol","b4550476a11e2b248a29f2c70e5a4317",,"hg18","wgEncode","2x36",1,"longPolyA","Illumina_GA2x","11M",4026,,"wgEncodeGisRnaPetNhekCytosolPapMinusRawRep1","bigWig","MinusRawSignal","wgEncodeGisRnaPetNhekCytosolPapMinusRawRep1.bigWig","wgEncodeGisRnaPetNhekCytosolPapMinusRawRep1.bigWig","http://hgdownload.cse.ucsc.edu/goldenPath/hg19/encodeDCC/wgEncodeGisRnaPet/wgEncodeGisRnaPetNhekCytosolPapMinusRawRep1.bigWig"
"gen0156C","NHEK","wgEncodeGisRnaPet","RnaPet","ENCODE Mar 2012 Freeze",#2011-05-05#,#2009-11-13#,#2010-08-13#,"wgEncodeEH000260",,"GSM830522","Gingeras","GIS","IHN011","clone-free","cytosol","0cef6eeda63434f2f8ab4df39319ad6c",,"hg18","wgEncode","2x36",1,"longPolyA","Illumina_GA2x","11M",4026,,"wgEncodeGisRnaPetNhekCytosolPapPlusRawRep1","bigWig","PlusRawSignal","wgEncodeGisRnaPetNhekCytosolPapPlusRawRep1.bigWig","wgEncodeGisRnaPetNhekCytosolPapPlusRawRep1.bigWig","http://hgdownload.cse.ucsc.edu/goldenPath/hg19/encodeDCC/wgEncodeGisRnaPet/wgEncodeGisRnaPetNhekCytosolPapPlusRawRep1.bigWig"
"gen0158N","NHEK","wgEncodeGisRnaPet","RnaPet","ENCODE Mar 2012 Freeze",#2011-05-05#,#2009-11-13#,#2010-08-13#,"wgEncodeEH000261",,"GSM830523","Gingeras","GIS","IHN012","clone-free","nucleus","5de798a6aac7da424adf49247abe7fc8",,"hg18","wgEncode","2x36",1,"longPolyA","Illumina_GA2x","13M",4028,,"wgEncodeGisRnaPetNhekNucleusPapMinusRawRep1","bigWig","MinusRawSignal","wgEncodeGisRnaPetNhekNucleusPapMinusRawRep1.bigWig","wgEncodeGisRnaPetNhekNucleusPapMinusRawRep1.bigWig","http://hgdownload.cse.ucsc.edu/goldenPath/hg19/encodeDCC/wgEncodeGisRnaPet/wgEncodeGisRnaPetNhekNucleusPapMinusRawRep1.bigWig"
"gen0158N","NHEK","wgEncodeGisRnaPet","RnaPet","ENCODE Mar 2012 Freeze",#2011-05-05#,#2009-11-13#,#2010-08-13#,"wgEncodeEH000261",,"GSM830523","Gingeras","GIS","IHN012","clone-free","nucleus","9ddd1d0717f21d92942c843ed4530af1",,"hg18","wgEncode","2x36",1,"longPolyA","Illumina_GA2x","14M",4028,,"wgEncodeGisRnaPetNhekNucleusPapPlusRawRep1","bigWig","PlusRawSignal","wgEncodeGisRnaPetNhekNucleusPapPlusRawRep1.bigWig","wgEncodeGisRnaPetNhekNucleusPapPlusRawRep1.bigWig","http://hgdownload.cse.ucsc.edu/goldenPath/hg19/encodeDCC/wgEncodeGisRnaPet/wgEncodeGisRnaPetNhekNucleusPapPlusRawRep1.bigWig"
"gen0160WC","prostate","wgEncodeGisRnaPet","RnaPet","ENCODE Jan 2011 Freeze",#2010-07-22#,#2009-11-13#,#2010-08-13#,"wgEncodeEH000262",,"GSM830520","Gingeras","GIS","DHP001","clone-based","cell","e9d6ba8c32c3d56ef6d23ffbf8143b8c",,"hg18","wgEncode","2x36",1,"longPolyA","Illumina_GA2","15M",1989,,"wgEncodeGisRnaPetProstateCellPapMinusRawSigRep1","bigWig","MinusRawSignal","wgEncodeGisRnaPetProstateCellPapMinusRawSigRep1.bigWig","wgEncodeGisRnaPetProstateCellPapMinusRawSigRep1.bigWig","http://hgdownload.cse.ucsc.edu/goldenPath/hg19/encodeDCC/wgEncodeGisRnaPet/wgEncodeGisRnaPetProstateCellPapMinusRawSigRep1.bigWig"
"gen0160WC","prostate","wgEncodeGisRnaPet","RnaPet","ENCODE Jan 2011 Freeze",#2010-07-22#,#2009-11-13#,#2010-08-13#,"wgEncodeEH000262",,"GSM830520","Gingeras","GIS","DHP001","clone-based","cell","5c16509331a37e16c739fcf86fbf7652",,"hg18","wgEncode","2x36",1,"longPolyA","Illumina_GA2","15M",1989,,"wgEncodeGisRnaPetProstateCellPapPlusRawSigRep1","bigWig","PlusRawSignal","wgEncodeGisRnaPetProstateCellPapPlusRawSigRep1.bigWig","wgEncodeGisRnaPetProstateCellPapPlusRawSigRep1.bigWig","http://hgdownload.cse.ucsc.edu/goldenPath/hg19/encodeDCC/wgEncodeGisRnaPet/wgEncodeGisRnaPetProstateCellPapPlusRawSigRep1.bigWig"
"085WC","SK-N-SH","wgEncodeGisRnaPet","RnaPet","ENCODE Mar 2012 Freeze",,#2012-03-23#,#2012-12-23#,"wgEncodeEH002926",,"GSM1006910","Gingeras","GIS","RHS015","clone-free","cell","ceba74b3bc5d6be1f31ebbeebee6f582",,,"wgEncode","2x36",3,"longPolyA","Illumina_HiSeq_2000","15M",6234,,"wgEncodeGisRnaPetSknshCellPapMinusRawRep3","bigWig","MinusRawSignal","wgEncodeGisRnaPetSknshCellPapMinusRawRep3.bigWig","wgEncodeGisRnaPetSknshCellPapMinusRawRep3.bigWig","http://hgdownload.cse.ucsc.edu/goldenPath/hg19/encodeDCC/wgEncodeGisRnaPet/wgEncodeGisRnaPetSknshCellPapMinusRawRep3.bigWig"
"086WC","SK-N-SH","wgEncodeGisRnaPet","RnaPet","ENCODE Mar 2012 Freeze",,#2012-03-23#,#2012-12-23#,"wgEncodeEH002926",,"GSM1006910","Gingeras","GIS","RHS016","clone-free","cell","cacc867f656b84bd48f72f9d35e55e06",,,"wgEncode","2x36",4,"longPolyA","Illumina_HiSeq_2000","16M",6236,,"wgEncodeGisRnaPetSknshCellPapMinusRawRep4","bigWig","MinusRawSignal","wgEncodeGisRnaPetSknshCellPapMinusRawRep4.bigWig","wgEncodeGisRnaPetSknshCellPapMinusRawRep4.bigWig","http://hgdownload.cse.ucsc.edu/goldenPath/hg19/encodeDCC/wgEncodeGisRnaPet/wgEncodeGisRnaPetSknshCellPapMinusRawRep4.bigWig"
"085WC","SK-N-SH","wgEncodeGisRnaPet","RnaPet","ENCODE Mar 2012 Freeze",,#2012-03-23#,#2012-12-23#,"wgEncodeEH002926",,"GSM1006910","Gingeras","GIS","RHS015","clone-free","cell","cc4ee85c657d319f9415ddef7a3f6f2d",,,"wgEncode","2x36",3,"longPolyA","Illumina_HiSeq_2000","15M",6234,,"wgEncodeGisRnaPetSknshCellPapPlusRawRep3","bigWig","PlusRawSignal","wgEncodeGisRnaPetSknshCellPapPlusRawRep3.bigWig","wgEncodeGisRnaPetSknshCellPapPlusRawRep3.bigWig","http://hgdownload.cse.ucsc.edu/goldenPath/hg19/encodeDCC/wgEncodeGisRnaPet/wgEncodeGisRnaPetSknshCellPapPlusRawRep3.bigWig"
"086WC","SK-N-SH","wgEncodeGisRnaPet","RnaPet","ENCODE Mar 2012 Freeze",,#2012-03-23#,#2012-12-23#,"wgEncodeEH002926",,"GSM1006910","Gingeras","GIS","RHS016","clone-free","cell","11dc9961e8ef2eda1d806ae3fb7a003a",,,"wgEncode","2x36",4,"longPolyA","Illumina_HiSeq_2000","16M",6236,,"wgEncodeGisRnaPetSknshCellPapPlusRawRep4","bigWig","PlusRawSignal","wgEncodeGisRnaPetSknshCellPapPlusRawRep4.bigWig","wgEncodeGisRnaPetSknshCellPapPlusRawRep4.bigWig","http://hgdownload.cse.ucsc.edu/goldenPath/hg19/encodeDCC/wgEncodeGisRnaPet/wgEncodeGisRnaPetSknshCellPapPlusRawRep4.bigWig"
"085C","SK-N-SH","wgEncodeGisRnaPet","RnaPet","ENCODE Mar 2012 Freeze",,#2012-03-23#,#2012-12-23#,"wgEncodeEH002925",,"GSM1006907","Gingeras","GIS","RHS017","clone-free","cytosol","445087e435232f2feef85a922af137a7",,,"wgEncode","2x36",3,"longPolyA","Illumina_HiSeq_2000","16M",6233,,"wgEncodeGisRnaPetSknshCytosolPapMinusRawRep3","bigWig","MinusRawSignal","wgEncodeGisRnaPetSknshCytosolPapMinusRawRep3.bigWig","wgEncodeGisRnaPetSknshCytosolPapMinusRawRep3.bigWig","http://hgdownload.cse.ucsc.edu/goldenPath/hg19/encodeDCC/wgEncodeGisRnaPet/wgEncodeGisRnaPetSknshCytosolPapMinusRawRep3.bigWig"
"086C","SK-N-SH","wgEncodeGisRnaPet","RnaPet","ENCODE Mar 2012 Freeze",,#2012-03-23#,#2012-12-23#,"wgEncodeEH002925",,"GSM1006907","Gingeras","GIS","RHS018","clone-free","cytosol","e330d3fe393d4db2ca5c66325d4ed0a9",,,"wgEncode","2x36",4,"longPolyA","Illumina_HiSeq_2000","14M",6235,,"wgEncodeGisRnaPetSknshCytosolPapMinusRawRep4","bigWig","MinusRawSignal","wgEncodeGisRnaPetSknshCytosolPapMinusRawRep4.bigWig","wgEncodeGisRnaPetSknshCytosolPapMinusRawRep4.bigWig","http://hgdownload.cse.ucsc.edu/goldenPath/hg19/encodeDCC/wgEncodeGisRnaPet/wgEncodeGisRnaPetSknshCytosolPapMinusRawRep4.bigWig"
"085C","SK-N-SH","wgEncodeGisRnaPet","RnaPet","ENCODE Mar 2012 Freeze",,#2012-03-23#,#2012-12-23#,"wgEncodeEH002925",,"GSM1006907","Gingeras","GIS","RHS017","clone-free","cytosol","816b437e91b912a31b6e1cd5fd8c70dc",,,"wgEncode","2x36",3,"longPolyA","Illumina_HiSeq_2000","16M",6233,,"wgEncodeGisRnaPetSknshCytosolPapPlusRawRep3","bigWig","PlusRawSignal","wgEncodeGisRnaPetSknshCytosolPapPlusRawRep3.bigWig","wgEncodeGisRnaPetSknshCytosolPapPlusRawRep3.bigWig","http://hgdownload.cse.ucsc.edu/goldenPath/hg19/encodeDCC/wgEncodeGisRnaPet/wgEncodeGisRnaPetSknshCytosolPapPlusRawRep3.bigWig"
"086C","SK-N-SH","wgEncodeGisRnaPet","RnaPet","ENCODE Mar 2012 Freeze",,#2012-03-23#,#2012-12-23#,"wgEncodeEH002925",,"GSM1006907","Gingeras","GIS","RHS018","clone-free","cytosol","70411a1c7c75a0318cbe11c0270900ee",,,"wgEncode","2x36",4,"longPolyA","Illumina_HiSeq_2000","14M",6235,,"wgEncodeGisRnaPetSknshCytosolPapPlusRawRep4","bigWig","PlusRawSignal","wgEncodeGisRnaPetSknshCytosolPapPlusRawRep4.bigWig","wgEncodeGisRnaPetSknshCytosolPapPlusRawRep4.bigWig","http://hgdownload.cse.ucsc.edu/goldenPath/hg19/encodeDCC/wgEncodeGisRnaPet/wgEncodeGisRnaPetSknshCytosolPapPlusRawRep4.bigWig"
"085N","SK-N-SH","wgEncodeGisRnaPet","RnaPet","ENCODE Mar 2012 Freeze",,#2012-03-27#,#2012-12-27#,"wgEncodeEH002935",,"GSM1006906","Gingeras","GIS","RHS019","clone-free","nucleus","2579fb9bd0f5a07fc430001bc0a765fe",,,"wgEncode","2x36",3,"longPolyA","Illumina_HiSeq_2000","20M",6413,,"wgEncodeGisRnaPetSknshNucleusPapMinusRawRep3","bigWig","MinusRawSignal","wgEncodeGisRnaPetSknshNucleusPapMinusRawRep3.bigWig","wgEncodeGisRnaPetSknshNucleusPapMinusRawRep3.bigWig","http://hgdownload.cse.ucsc.edu/goldenPath/hg19/encodeDCC/wgEncodeGisRnaPet/wgEncodeGisRnaPetSknshNucleusPapMinusRawRep3.bigWig"
"086N","SK-N-SH","wgEncodeGisRnaPet","RnaPet","ENCODE Mar 2012 Freeze",,#2012-03-27#,#2012-12-27#,"wgEncodeEH002935",,"GSM1006906","Gingeras","GIS","RHS020","clone-free","nucleus","7473e4548a38bc2ae1fac86241cf9ba7",,,"wgEncode","2x36",4,"longPolyA","Illumina_HiSeq_2000","9.4M",6411,,"wgEncodeGisRnaPetSknshNucleusPapMinusRawRep4","bigWig","MinusRawSignal","wgEncodeGisRnaPetSknshNucleusPapMinusRawRep4.bigWig","wgEncodeGisRnaPetSknshNucleusPapMinusRawRep4.bigWig","http://hgdownload.cse.ucsc.edu/goldenPath/hg19/encodeDCC/wgEncodeGisRnaPet/wgEncodeGisRnaPetSknshNucleusPapMinusRawRep4.bigWig"
"085N","SK-N-SH","wgEncodeGisRnaPet","RnaPet","ENCODE Mar 2012 Freeze",,#2012-03-27#,#2012-12-27#,"wgEncodeEH002935",,"GSM1006906","Gingeras","GIS","RHS019","clone-free","nucleus","738f5c5b04374f2132330ad11e72b7ac",,,"wgEncode","2x36",3,"longPolyA","Illumina_HiSeq_2000","20M",6413,,"wgEncodeGisRnaPetSknshNucleusPapPlusRawRep3","bigWig","PlusRawSignal","wgEncodeGisRnaPetSknshNucleusPapPlusRawRep3.bigWig","wgEncodeGisRnaPetSknshNucleusPapPlusRawRep3.bigWig","http://hgdownload.cse.ucsc.edu/goldenPath/hg19/encodeDCC/wgEncodeGisRnaPet/wgEncodeGisRnaPetSknshNucleusPapPlusRawRep3.bigWig"
"086N","SK-N-SH","wgEncodeGisRnaPet","RnaPet","ENCODE Mar 2012 Freeze",,#2012-03-27#,#2012-12-27#,"wgEncodeEH002935",,"GSM1006906","Gingeras","GIS","RHS020","clone-free","nucleus","e0120f6ed47a3b699908a0119723a6d3",,,"wgEncode","2x36",4,"longPolyA","Illumina_HiSeq_2000","9.3M",6411,,"wgEncodeGisRnaPetSknshNucleusPapPlusRawRep4","bigWig","PlusRawSignal","wgEncodeGisRnaPetSknshNucleusPapPlusRawRep4.bigWig","wgEncodeGisRnaPetSknshNucleusPapPlusRawRep4.bigWig","http://hgdownload.cse.ucsc.edu/goldenPath/hg19/encodeDCC/wgEncodeGisRnaPet/wgEncodeGisRnaPetSknshNucleusPapPlusRawRep4.bigWig"
